wall_time_iso,experiment_id,scenario,person_z_m,person_detected,depth_valid,safety_state_text,safety_level,det_count,closest_det_conf,closest_bbox_cx,input_fps,output_fps,det_fps,safety_state_hz,e2e_latency_ms_disp_to_safety,e2e_latency_ms_det_to_safety,pubsub_ms_cam_to_yolo,pubsub_ms_cam_to_depth,pubsub_ms_yolo_to_depth,pubsub_ms_depth_to_safety,pubsub_total_ms,camera_disparity_ms,yolo_infer_ms,depth_node_ms,safety_node_ms,total_system_latency_ms
2026-04-27T16:25:19.677,testsadads,testdasd,-1.0000,0,0,,0,0,0.0000,-1.00,0.00,6.75,0.00,0.00,,,,,,,,,,,,
2026-04-27T16:25:19.726,testsadads,testdasd,-1.0000,0,0,,0,0,0.0000,-1.00,0.00,10.10,0.00,0.00,,,,,,,,,,,,
2026-04-27T16:25:19.777,testsadads,testdasd,-1.0000,0,0,,0,0,0.0000,-1.00,0.00,12.08,0.00,0.00,,,,,,,,,,,,
2026-04-27T16:25:19.826,testsadads,testdasd,-1.0000,0,0,,0,0,0.0000,-1.00,0.00,13.42,0.00,0.00,,,14.87,,,,14.87,,,,,
2026-04-27T16:25:19.876,testsadads,testdasd,-1.0000,0,0,,0,0,0.0000,-1.00,0.00,14.37,0.00,0.00,,,14.87,,,,14.87,,,,,
2026-04-27T16:25:19.926,testsadads,testdasd,-1.0000,0,0,,0,0,0.0000,-1.00,0.00,15.07,2.51,0.00,,,14.87,,,,14.87,,111.66,,,113.40
2026-04-27T16:25:19.976,testsadads,testdasd,-1.0000,0,0,,0,0,0.0000,-1.00,0.00,15.62,2.23,0.00,,,14.87,,,,14.87,,111.66,,,113.40
2026-04-27T16:25:20.027,testsadads,testdasd,-1.0000,0,0,,0,0,0.0000,-1.00,0.00,16.05,2.01,0.00,,,13.27,,,,13.27,,111.66,,,113.40
2026-04-27T16:25:20.076,testsadads,testdasd,-1.0000,0,0,,0,0,0.0000,-1.00,0.00,16.42,1.82,0.00,,,13.27,,,,13.27,,111.66,,,113.40
2026-04-27T16:25:20.127,testsadads,testdasd,-1.0000,0,0,,0,0,0.0000,-1.00,0.00,16.70,1.67,0.00,,,13.27,,,,13.27,,111.66,,,113.40
2026-04-27T16:25:20.176,testsadads,testdasd,-1.0000,0,0,,0,0,0.0000,-1.00,0.00,16.98,3.09,0.00,,,13.27,,,,13.27,,109.96,,,111.58
2026-04-27T16:25:20.227,testsadads,testdasd,-1.0000,0,0,,0,0,0.0000,-1.00,0.00,17.16,2.86,0.00,,,14.85,,,,14.85,,109.96,,,111.58
2026-04-27T16:25:20.277,testsadads,testdasd,-1.0000,0,0,,0,0,0.0000,-1.00,0.00,17.36,2.67,0.00,,,14.85,,,,14.85,,109.96,,,111.58
2026-04-27T16:25:20.328,testsadads,testdasd,-1.0000,0,0,,0,0,0.0000,-1.00,0.00,17.51,2.50,0.00,,,14.85,,,,14.85,,109.96,,,111.58
2026-04-27T16:25:20.376,testsadads,testdasd,-1.0000,0,0,,0,0,0.0000,-1.00,0.00,17.69,3.54,0.00,,,14.66,,,,14.66,,140.09,,,144.04
2026-04-27T16:25:20.426,testsadads,testdasd,-1.0000,0,0,,0,0,0.0000,-1.00,0.00,17.82,3.34,0.00,,,14.66,,,,14.66,,140.09,,,144.04
2026-04-27T16:25:20.476,testsadads,testdasd,-1.0000,0,0,,0,0,0.0000,-1.00,0.00,17.93,3.16,0.00,,,14.66,,,,14.66,,140.09,,,144.04
2026-04-27T16:25:20.528,testsadads,testdasd,-1.0000,0,0,,0,0,0.0000,-1.00,0.00,18.00,4.00,0.00,,,18.74,,,,18.74,,103.72,,,104.84
2026-04-27T16:25:20.576,testsadads,testdasd,-1.0000,0,0,,0,0,0.0000,-1.00,0.00,18.13,3.82,0.00,,,18.74,,,,18.74,,103.72,,,104.84
2026-04-27T16:25:20.627,testsadads,testdasd,-1.0000,0,0,,0,0,0.0000,-1.00,0.00,19.97,19.97,0.00,,,18.74,,,,18.74,,99.61,,,102.63
2026-04-27T16:25:20.676,testsadads,testdasd,-1.0000,0,0,,0,0,0.0000,-1.00,0.00,20.07,10.04,0.00,,,18.74,,,,18.74,,99.61,,,102.63
2026-04-27T16:25:20.727,testsadads,testdasd,-1.0000,0,0,,0,0,0.0000,-1.00,0.00,19.92,6.64,0.00,,,14.77,,,,14.77,,99.61,,,102.63
2026-04-27T16:25:20.777,testsadads,testdasd,-1.0000,0,0,,0,0,0.0000,-1.00,0.00,19.99,5.00,0.00,,,14.77,,,71.91,86.68,,99.61,,0.16,102.79
2026-04-27T16:25:20.833,testsadads,testdasd,-1.0000,0,0,SAFE (z=invalid),0,0,0.0000,-1.00,0.00,19.48,3.90,3.90,,339.40,14.77,,,10.37,25.14,,99.61,,0.14,102.77
2026-04-27T16:25:20.876,testsadads,testdasd,-1.0000,0,0,SAFE (z=invalid),0,0,0.0000,-1.00,0.00,20.01,6.67,3.33,,339.40,14.77,,,10.37,25.14,,122.71,,0.14,124.54
2026-04-27T16:25:20.926,testsadads,testdasd,-1.0000,0,0,SAFE (z=invalid),0,0,0.0000,-1.00,0.00,20.00,5.72,2.86,,339.40,15.04,,,37.83,52.88,,122.71,,0.17,124.58
2026-04-27T16:25:20.976,testsadads,testdasd,-1.0000,0,0,SAFE (z=invalid),0,0,0.0000,-1.00,0.00,20.01,5.00,5.00,,271.23,15.04,,,46.64,61.69,,122.71,,2.80,127.20
2026-04-27T16:25:21.027,testsadads,testdasd,-1.0000,0,0,SAFE (z=invalid),0,0,0.0000,-1.00,0.00,19.99,6.66,4.44,,271.23,15.04,,,40.61,55.65,,100.95,,0.15,104.82
2026-04-27T16:25:21.077,testsadads,testdasd,-1.0000,0,0,SAFE (z=invalid),0,0,0.0000,-1.00,0.00,19.99,6.00,4.00,,271.23,15.04,,,40.61,55.65,,100.95,,0.15,104.82
2026-04-27T16:25:21.127,testsadads,testdasd,-1.0000,0,0,SAFE (z=invalid),0,0,0.0000,-1.00,0.00,19.98,5.45,5.45,,209.07,14.45,,,102.65,117.09,,100.95,,0.19,104.87
2026-04-27T16:25:21.176,testsadads,testdasd,-1.0000,0,0,SAFE (z=invalid),0,0,0.0000,-1.00,0.00,20.00,5.00,5.00,,209.07,14.45,,,34.80,49.25,,100.95,,0.09,104.76
2026-04-27T16:25:21.226,testsadads,testdasd,-1.0000,0,0,SAFE (z=invalid),0,0,0.0000,-1.00,0.00,20.00,6.15,6.15,,148.20,14.45,,,47.55,62.00,,110.70,,0.17,112.22
2026-04-27T16:25:21.276,testsadads,testdasd,-1.0000,0,0,SAFE (z=invalid),0,0,0.0000,-1.00,1.43,20.00,5.72,5.72,,148.20,13.78,22.50,,51.33,87.61,,110.70,0.44,0.11,112.60
2026-04-27T16:25:21.341,testsadads,testdasd,-1.0000,0,0,SAFE (z=invalid),0,0,0.0000,-1.00,3.93,19.63,5.23,6.54,,261.35,13.78,3.69,,27.75,45.21,,110.70,0.42,0.19,112.66
2026-04-27T16:25:21.382,testsadads,testdasd,-1.0000,0,0,SAFE (z=invalid),0,0,0.0000,-1.00,3.72,19.86,4.96,6.21,,261.35,13.78,3.69,,27.75,45.21,,110.70,0.42,0.19,112.66
2026-04-27T16:25:21.427,testsadads,testdasd,-1.0000,0,0,SAFE (z=invalid),0,0,0.0000,-1.00,3.53,19.99,5.88,5.88,,261.35,13.78,3.69,172.80,27.75,218.01,,154.09,0.42,0.19,159.18
2026-04-27T16:25:21.476,testsadads,testdasd,-1.0000,0,0,SAFE (z=invalid),0,0,0.0000,-1.00,4.44,20.00,5.56,6.67,,204.12,13.78,4.74,172.80,110.00,301.31,,154.09,4.06,2.60,165.24
2026-04-27T16:25:21.526,testsadads,testdasd,-1.0000,0,0,SAFE (z=invalid),0,0,0.0000,-1.00,4.21,20.00,5.26,6.32,,204.12,13.78,4.74,172.80,110.00,301.31,,154.09,4.06,2.60,165.24
2026-04-27T16:25:21.576,testsadads,testdasd,-1.0000,0,0,SAFE (z=invalid),0,0,0.0000,-1.00,5.00,20.00,5.00,7.00,,325.35,16.45,8.50,172.80,125.68,323.43,,154.09,0.34,0.26,159.17
2026-04-27T16:25:21.630,testsadads,testdasd,-1.0000,0,0,SAFE (z=invalid),0,0,0.0000,-1.00,18.69,18.69,0.00,0.00,,325.35,16.45,1.73,172.80,39.62,230.60,,154.09,1.07,0.15,159.80
2026-04-27T16:25:21.676,testsadads,testdasd,-1.0000,0,0,SAFE (z=invalid),0,0,0.0000,-1.00,20.04,20.04,10.02,0.00,,325.35,16.45,1.52,131.62,48.47,198.06,,112.18,3.27,0.11,116.98
2026-04-27T16:25:21.728,testsadads,testdasd,-1.0000,0,0,SAFE (z=invalid),0,0,0.0000,-1.00,26.41,19.81,6.60,6.60,,153.87,13.70,10.09,131.62,44.15,199.57,,112.18,0.56,0.47,114.64
2026-04-27T16:25:21.776,testsadads,testdasd,-1.0000,0,0,SAFE (z=invalid),0,0,0.0000,-1.00,25.03,20.03,5.01,5.01,,153.87,13.70,0.91,131.62,44.22,190.46,,112.18,0.44,0.18,114.22
2026-04-27T16:25:21.827,testsadads,testdasd,-1.0000,0,0,SAFE (z=invalid),0,0,0.0000,-1.00,23.96,19.97,3.99,7.99,,282.19,13.70,1.10,131.62,42.82,189.25,,109.91,9.32,4.17,127.10
2026-04-27T16:25:21.876,testsadads,testdasd,-1.0000,0,0,SAFE (z=invalid),0,0,0.0000,-1.00,20.01,20.01,6.67,6.67,,282.19,13.70,1.10,127.32,42.82,184.94,,109.91,9.32,4.17,124.80
2026-04-27T16:25:21.927,testsadads,testdasd,-1.0000,0,0,SAFE (z=invalid),0,0,0.0000,-1.00,22.84,19.99,5.71,5.71,,282.19,15.98,0.88,127.32,86.99,231.17,,109.91,0.38,1.11,112.80
2026-04-27T16:25:21.976,testsadads,testdasd,-1.0000,0,0,SAFE (z=invalid),0,0,0.0000,-1.00,22.52,20.01,5.00,7.51,,230.00,15.98,0.97,127.32,44.30,188.57,,109.91,0.27,0.11,111.69
2026-04-27T16:25:22.026,testsadads,testdasd,-1.0000,0,0,SAFE (z=invalid),0,0,0.0000,-1.00,22.24,20.02,6.67,6.67,,230.00,15.98,0.83,128.44,49.42,194.67,,106.74,0.41,0.11,109.52
2026-04-27T16:25:22.077,testsadads,testdasd,-1.0000,0,0,SAFE (z=invalid),0,0,0.0000,-1.00,21.99,19.99,6.00,8.00,,183.47,15.98,0.71,128.44,33.81,178.93,,106.74,0.33,0.18,109.51
2026-04-27T16:25:22.126,testsadads,testdasd,-1.0000,0,0,SAFE (z=invalid),0,0,0.0000,-1.00,20.01,20.01,5.46,7.28,,183.47,13.58,0.71,128.44,33.81,176.53,,106.74,0.33,0.18,109.51
2026-04-27T16:25:22.177,testsadads,testdasd,-1.0000,0,0,SAFE (z=invalid),0,0,0.0000,-1.00,21.65,19.98,5.00,6.66,,183.47,13.58,0.97,128.44,88.69,231.67,,106.74,0.33,0.11,109.44
2026-04-27T16:25:22.226,testsadads,testdasd,-1.0000,0,0,SAFE (z=invalid),0,0,0.0000,-1.00,20.01,20.01,6.16,7.70,,315.26,13.58,0.97,119.35,39.95,173.85,,102.19,0.48,0.18,104.01
2026-04-27T16:25:22.276,testsadads,testdasd,-1.0000,0,0,SAFE (z=invalid),0,0,0.0000,-1.00,20.01,20.01,5.72,7.15,,315.26,13.58,8.24,119.35,83.16,224.32,,102.19,0.46,0.11,103.92
2026-04-27T16:25:22.328,testsadads,testdasd,-1.0000,0,0,SAFE (z=invalid),0,0,0.0000,-1.00,19.97,19.97,5.33,7.99,,221.80,14.88,1.16,119.35,38.74,174.13,,102.19,0.46,0.15,103.96
2026-04-27T16:25:22.379,testsadads,testdasd,-1.0000,0,0,SAFE (z=invalid),0,0,0.0000,-1.00,19.94,19.94,4.99,7.48,,221.80,14.88,0.94,119.35,42.17,177.34,,102.19,2.93,0.12,106.39
2026-04-27T16:25:22.427,testsadads,testdasd,-1.0000,0,0,SAFE (z=invalid),0,0,0.0000,-1.00,21.16,19.99,5.88,8.23,,327.29,14.88,0.96,141.13,30.12,187.08,,122.67,0.27,0.10,124.49
2026-04-27T16:25:22.479,testsadads,testdasd,-1.0000,0,0,SAFE (z=invalid),0,0,0.0000,-1.00,21.04,19.94,5.54,7.75,,327.29,13.24,11.05,141.13,49.53,214.95,,122.67,0.40,0.11,124.63
2026-04-27T16:25:22.526,testsadads,testdasd,-1.0000,0,0,SAFE (z=invalid),0,0,0.0000,-1.00,21.06,20.00,5.26,8.42,,229.61,13.24,2.69,141.13,35.82,192.88,,122.67,0.31,0.25,124.67
2026-04-27T16:25:22.576,testsadads,testdasd,-1.0000,0,0,SAFE (z=invalid),0,0,0.0000,-1.00,20.00,20.00,6.00,8.00,,229.61,13.24,2.69,141.13,35.82,192.88,,110.79,0.31,0.25,155.85
2026-04-27T16:25:22.626,testsadads,testdasd,-1.0000,0,0,SAFE (z=invalid),0,0,0.0000,-1.00,20.00,20.00,5.71,7.62,,229.61,13.24,10.50,126.03,89.88,239.66,0.53,110.79,0.43,0.14,113.33
2026-04-27T16:25:22.677,testsadads,testdasd,-1.0000,0,0,SAFE (z=invalid),0,0,0.0000,-1.00,19.73,19.73,0.00,19.73,14.90,199.47,13.24,10.85,126.03,48.28,198.41,0.44,110.79,0.34,0.66,144.00
2026-04-27T16:25:22.727,testsadads,testdasd,-1.0000,0,0,SAFE (z=invalid),0,0,0.0000,-1.00,29.85,19.90,0.00,9.95,14.90,199.47,18.46,9.60,126.03,49.24,203.33,0.54,110.79,0.39,0.14,113.30
2026-04-27T16:25:22.776,testsadads,testdasd,-1.0000,0,0,SAFE (z=invalid),0,0,0.0000,-1.00,26.69,20.02,0.00,13.34,50.62,317.04,18.46,0.77,126.03,38.61,183.87,46.20,110.79,0.38,0.25,159.06
2026-04-27T16:25:22.826,testsadads,testdasd,-1.0000,0,0,SAFE (z=invalid),0,0,0.0000,-1.00,24.99,19.99,5.00,9.99,50.62,317.04,18.46,1.45,120.10,42.46,182.47,0.37,98.57,0.42,0.21,101.33
2026-04-27T16:25:22.877,testsadads,testdasd,-1.0000,0,0,SAFE (z=invalid),0,0,0.0000,-1.00,19.99,19.99,4.00,8.00,50.62,317.04,18.46,1.45,120.10,42.46,182.47,0.37,98.57,0.42,0.21,142.76
2026-04-27T16:25:22.927,testsadads,testdasd,-1.0000,0,0,SAFE (z=invalid),0,0,0.0000,-1.00,19.97,19.97,3.33,9.98,13.40,191.47,18.46,11.63,120.10,87.90,238.08,0.37,98.57,0.53,1.04,102.26
2026-04-27T16:25:22.980,testsadads,testdasd,-1.0000,0,0,SAFE (z=invalid),0,0,0.0000,-1.00,19.82,19.82,2.83,8.49,13.40,191.47,18.46,11.92,120.10,45.55,196.03,0.37,98.57,0.58,0.11,101.38
2026-04-27T16:25:23.026,testsadads,testdasd,-1.0000,0,0,SAFE (z=invalid),0,0,0.0000,-1.00,20.01,20.01,2.50,10.00,3.12,315.34,14.59,0.94,120.10,78.93,214.56,0.42,98.57,1.06,0.20,102.01
2026-04-27T16:25:23.076,testsadads,testdasd,-1.0000,0,0,SAFE (z=invalid),0,0,0.0000,-1.00,20.01,20.01,2.22,8.89,3.12,315.34,14.59,1.43,120.10,45.03,181.14,1.82,103.82,1.77,0.12,104.04
2026-04-27T16:25:23.126,testsadads,testdasd,1.5028,1,1,SAFE (z=invalid),0,1,0.8694,73.16,20.01,20.01,4.00,8.00,3.12,315.34,14.59,0.89,122.63,44.22,182.33,0.32,103.82,1.29,0.10,107.45
2026-04-27T16:25:23.186,testsadads,testdasd,1.5028,1,1,SAFE (z=invalid),0,1,0.8694,73.16,17.85,19.64,3.57,7.14,3.12,315.34,14.59,0.89,122.63,44.22,182.33,0.32,103.82,1.29,0.10,142.47
2026-04-27T16:25:23.226,testsadads,testdasd,1.3542,1,1,WARNING (z=1.36m),1,1,0.8694,73.16,20.00,20.00,3.33,8.33,13.90,237.56,12.68,1.43,122.63,89.06,225.80,0.28,103.82,1.50,0.17,107.69
2026-04-27T16:25:23.276,testsadads,testdasd,1.3542,1,1,WARNING (z=1.36m),1,1,0.8694,73.16,18.46,20.00,3.08,7.69,13.90,237.56,12.68,1.43,122.63,34.35,171.09,0.47,103.82,1.50,0.17,107.87
2026-04-27T16:25:23.328,testsadads,testdasd,1.3567,1,1,WARNING (z=1.36m),1,1,0.8694,73.16,18.53,19.96,2.85,7.13,13.90,237.56,12.68,1.66,122.63,38.02,174.99,0.34,103.82,1.32,0.37,107.76
2026-04-27T16:25:23.376,testsadads,testdasd,1.3688,1,1,WARNING (z=1.35m),1,1,0.9336,178.49,20.01,20.01,4.00,8.00,15.03,376.33,12.68,0.52,130.62,44.68,188.50,0.24,116.01,0.79,0.11,118.70
2026-04-27T16:25:23.427,testsadads,testdasd,1.3858,1,1,WARNING (z=1.35m),1,1,0.9336,178.49,19.99,19.99,3.75,7.50,15.03,376.33,12.68,8.92,130.62,46.15,198.37,0.45,116.01,0.94,0.11,119.07
2026-04-27T16:25:23.476,testsadads,testdasd,1.3858,1,1,WARNING (z=1.35m),1,1,0.9336,178.49,18.83,20.01,3.53,7.06,15.03,376.33,12.68,8.92,130.62,46.15,198.37,0.45,116.01,0.94,0.11,152.77
2026-04-27T16:25:23.529,testsadads,testdasd,1.3566,1,1,WARNING (z=1.36m),1,1,0.9336,178.49,18.84,19.95,3.33,7.76,11.31,277.00,14.79,7.50,130.62,74.23,227.14,4.27,116.01,1.03,0.16,123.03
2026-04-27T16:25:23.576,testsadads,testdasd,1.3800,1,1,WARNING (z=1.36m),1,1,0.9336,178.49,18.95,20.00,3.16,7.37,11.31,277.00,14.79,10.93,130.62,44.77,201.10,4.27,116.01,5.67,2.42,129.92
2026-04-27T16:25:23.628,testsadads,testdasd,1.4368,1,1,WARNING (z=1.44m),1,1,0.9336,178.49,18.96,19.96,2.99,7.98,5.47,397.81,14.79,0.90,130.62,75.74,222.05,0.39,116.01,0.96,0.26,119.17
2026-04-27T16:25:23.676,testsadads,testdasd,1.5014,1,1,SAFE (z=1.50m),0,1,0.9343,366.16,20.92,20.92,20.92,20.92,47.91,148.94,14.79,0.79,142.81,43.06,201.45,0.31,125.33,1.17,0.20,128.87
2026-04-27T16:25:23.726,testsadads,testdasd,1.5387,1,1,SAFE (z=1.50m),0,1,0.9343,366.16,20.41,20.41,10.20,10.20,47.91,148.94,14.79,7.83,142.81,50.60,216.03,0.58,125.33,2.32,0.11,130.19
2026-04-27T16:25:23.776,testsadads,testdasd,1.5387,1,1,SAFE (z=1.50m),0,1,0.9343,366.16,13.53,20.29,6.76,6.76,47.91,148.94,18.91,7.83,142.81,50.60,220.15,0.58,125.33,2.32,0.11,166.99
2026-04-27T16:25:23.826,testsadads,testdasd,1.5387,1,1,SAFE (z=1.50m),0,1,0.9343,366.16,10.11,20.22,5.05,5.05,47.91,148.94,18.91,7.83,142.81,50.60,220.15,0.58,125.33,2.32,0.11,166.99
2026-04-27T16:25:23.876,testsadads,testdasd,1.6843,1,1,SAFE (z=1.68m),0,1,0.9412,467.97,12.11,20.18,8.07,8.07,4.49,147.36,18.91,0.69,124.13,161.94,305.67,0.37,102.69,1.10,0.17,106.18
2026-04-27T16:25:23.928,testsadads,testdasd,1.7289,1,1,SAFE (z=1.68m),0,1,0.9412,467.97,13.38,20.07,6.69,6.69,4.49,147.36,18.91,1.14,124.13,49.36,193.54,0.73,102.69,1.58,0.91,107.76
2026-04-27T16:25:23.976,testsadads,testdasd,1.7700,1,1,SAFE (z=1.68m),0,1,0.9412,467.97,14.38,20.13,5.75,5.75,4.49,147.36,13.73,1.40,124.13,45.82,185.08,0.34,102.69,1.37,0.17,106.42
2026-04-27T16:25:24.026,testsadads,testdasd,1.8061,1,1,SAFE (z=1.81m),0,1,0.9412,467.97,15.07,20.10,5.02,7.54,19.76,298.55,13.73,1.31,124.13,44.35,183.53,0.27,102.69,3.52,0.17,108.50
2026-04-27T16:25:24.083,testsadads,testdasd,1.8061,1,1,SAFE (z=1.81m),0,1,0.9258,587.33,13.20,19.80,6.60,6.60,19.76,298.55,13.73,1.31,124.13,44.35,183.53,0.27,124.21,3.52,0.17,176.66
2026-04-27T16:25:24.128,testsadads,testdasd,1.8306,1,1,SAFE (z=1.81m),0,1,0.9258,587.33,14.00,20.00,6.00,6.00,19.76,298.55,13.73,0.83,142.28,94.04,250.89,0.35,124.21,1.40,0.11,127.99
2026-04-27T16:25:24.176,testsadads,testdasd,1.8296,1,1,SAFE (z=1.83m),0,1,0.9258,587.33,14.60,20.08,5.48,7.30,44.07,193.65,16.37,0.82,142.28,36.69,196.16,0.33,124.21,1.28,0.22,165.36
2026-04-27T16:25:24.227,testsadads,testdasd,1.8471,1,1,SAFE (z=1.83m),0,1,0.9258,587.33,15.03,20.04,5.01,6.68,44.07,193.65,16.37,0.85,142.28,82.15,241.65,0.30,124.21,1.42,0.13,127.98
2026-04-27T16:25:24.279,testsadads,testdasd,1.8184,1,1,SAFE (z=1.82m),0,1,0.9258,587.33,15.38,19.99,4.61,7.69,68.18,335.63,16.37,1.08,142.28,59.15,218.88,0.45,124.21,1.99,1.01,129.59
2026-04-27T16:25:24.326,testsadads,testdasd,1.8273,1,1,SAFE (z=1.82m),0,1,0.9369,704.16,15.76,20.06,5.73,7.16,68.18,335.63,16.37,3.98,140.46,29.74,190.55,0.62,116.53,1.17,0.12,121.33
2026-04-27T16:25:24.388,testsadads,testdasd,1.8228,1,1,SAFE (z=1.82m),0,1,0.9369,704.16,15.80,19.75,5.27,6.58,68.18,335.63,16.37,6.87,140.46,45.62,209.33,0.41,116.53,1.00,0.14,164.92
2026-04-27T16:25:24.427,testsadads,testdasd,1.8340,1,1,SAFE (z=1.83m),0,1,0.9369,704.16,16.29,20.04,5.01,7.52,58.58,239.55,16.37,6.63,140.46,48.36,211.82,0.44,116.53,1.17,0.38,121.42
2026-04-27T16:25:24.476,testsadads,testdasd,1.8224,1,1,SAFE (z=1.83m),0,1,0.9369,704.16,17.69,20.05,4.72,7.08,58.58,239.55,16.37,0.70,140.46,23.07,180.60,0.23,116.53,1.02,0.12,120.79
2026-04-27T16:25:24.532,testsadads,testdasd,1.8224,1,1,SAFE (z=1.83m),0,1,0.9369,704.16,16.59,19.91,4.42,6.64,58.58,239.55,16.37,0.70,140.46,23.07,180.60,0.23,116.53,1.02,0.12,152.87
2026-04-27T16:25:24.577,testsadads,testdasd,1.8281,1,1,SAFE (z=1.83m),0,1,0.9369,704.16,16.87,20.03,4.22,7.38,7.79,386.16,14.96,0.86,140.46,81.80,238.09,0.37,116.53,1.37,0.25,121.42
2026-04-27T16:25:24.626,testsadads,testdasd,1.8292,1,1,SAFE (z=1.83m),0,1,0.9369,704.16,17.03,20.04,4.01,7.01,7.79,386.16,14.96,7.30,140.46,50.47,213.20,0.44,116.53,1.18,0.19,121.24
2026-04-27T16:25:24.676,testsadads,testdasd,1.8295,1,1,SAFE (z=1.83m),0,1,0.9457,722.52,18.13,20.04,4.77,7.63,4.45,147.62,14.96,2.19,123.10,35.29,175.54,1.41,106.05,1.01,0.24,110.22
2026-04-27T16:25:24.726,testsadads,testdasd,1.8353,1,1,SAFE (z=1.83m),0,1,0.9457,722.52,19.94,19.94,0.00,0.00,4.45,147.62,14.96,1.62,123.10,37.57,177.25,0.84,106.05,1.11,0.40,109.91
2026-04-27T16:25:24.776,testsadads,testdasd,1.8423,1,1,SAFE (z=1.83m),0,1,0.9457,722.52,20.00,20.00,0.00,0.00,4.45,147.62,14.96,0.90,123.10,47.95,186.91,0.45,106.05,1.22,0.14,109.37
2026-04-27T16:25:24.827,testsadads,testdasd,1.8437,1,1,SAFE (z=1.84m),0,1,0.9457,722.52,19.97,19.97,0.00,6.66,50.41,277.63,13.40,1.20,123.10,41.59,179.30,0.32,106.05,1.95,0.20,146.84
2026-04-27T16:25:24.876,testsadads,testdasd,1.8440,1,1,SAFE (z=1.84m),0,1,0.9457,722.52,20.02,20.02,0.00,5.01,50.41,277.63,13.40,1.75,123.10,41.59,179.85,0.51,106.05,1.63,0.20,109.90
2026-04-27T16:25:24.926,testsadads,testdasd,1.8441,1,1,SAFE (z=1.84m),0,1,0.9483,717.82,20.02,20.02,4.00,8.01,3.80,115.67,13.40,0.78,106.31,51.86,172.34,0.33,90.46,1.10,0.19,93.73
2026-04-27T16:25:24.976,testsadads,testdasd,1.8441,1,1,SAFE (z=1.84m),0,1,0.9483,717.82,20.02,20.02,3.34,6.67,3.80,115.67,13.40,1.37,106.31,35.78,156.86,0.42,90.46,1.20,0.14,93.86
2026-04-27T16:25:25.026,testsadads,testdasd,1.8441,1,1,SAFE (z=1.84m),0,1,0.9483,717.82,17.15,20.01,2.86,5.72,3.80,115.67,13.40,1.37,106.31,35.78,156.86,0.42,90.46,1.20,0.14,136.74
2026-04-27T16:25:25.076,testsadads,testdasd,1.8441,1,1,SAFE (z=1.84m),0,1,0.9483,717.82,15.01,20.01,2.50,5.00,3.80,115.67,13.40,1.37,106.31,35.78,156.86,0.42,90.46,1.20,0.14,131.79
2026-04-27T16:25:25.127,testsadads,testdasd,1.8375,1,1,SAFE (z=1.84m),0,1,0.9483,717.82,15.55,19.99,2.22,6.66,134.22,280.15,14.08,1.44,106.31,127.34,249.17,0.81,90.46,1.65,1.43,96.00
2026-04-27T16:25:25.176,testsadads,testdasd,1.8368,1,1,SAFE (z=1.84m),0,1,0.9483,717.82,16.01,20.01,2.00,6.00,134.22,280.15,14.08,0.80,106.31,85.90,207.09,0.40,90.46,1.08,0.18,93.77
2026-04-27T16:25:25.227,testsadads,testdasd,1.8368,0,1,SAFE (z=1.84m),0,1,0.9461,719.40,16.35,19.99,3.63,5.45,134.22,280.15,14.08,7.50,106.31,85.90,213.79,0.49,133.69,0.31,0.18,138.58
2026-04-27T16:25:25.276,testsadads,testdasd,1.8426,1,1,SAFE (z=1.84m),0,1,0.9461,719.40,16.67,20.01,3.33,6.67,10.17,161.81,14.08,5.85,159.80,39.69,219.43,0.69,133.69,0.83,0.11,139.23
2026-04-27T16:25:25.330,testsadads,testdasd,1.8438,1,1,SAFE (z=1.84m),0,1,0.9461,719.40,16.83,19.89,3.06,6.12,10.17,161.81,14.82,9.22,159.80,39.69,223.54,0.36,133.69,1.03,0.11,139.10
2026-04-27T16:25:25.376,testsadads,testdasd,1.8499,1,1,SAFE (z=1.84m),0,1,0.9461,719.40,17.14,20.00,2.86,7.14,17.02,265.09,14.82,0.86,159.80,36.57,212.05,0.40,133.69,1.60,0.17,139.77
2026-04-27T16:25:25.428,testsadads,testdasd,1.8499,1,1,SAFE (z=1.84m),0,1,0.9461,719.40,15.97,19.96,2.66,6.65,17.02,265.09,14.82,0.86,159.80,36.57,212.05,0.40,133.69,1.60,0.17,193.06
2026-04-27T16:25:25.476,testsadads,testdasd,1.8447,1,1,SAFE (z=1.84m),0,1,0.9462,716.89,16.25,20.00,3.75,7.50,96.45,153.59,14.82,0.94,138.78,86.60,241.14,0.31,121.05,4.15,0.92,157.95
2026-04-27T16:25:25.527,testsadads,testdasd,1.8441,1,1,SAFE (z=1.84m),0,1,0.9462,716.89,16.46,19.99,3.53,7.06,96.45,153.59,14.82,1.05,138.78,33.81,188.46,0.74,121.05,1.37,0.10,162.16
2026-04-27T16:25:25.576,testsadads,testdasd,1.8441,1,1,SAFE (z=1.84m),0,1,0.9462,716.89,16.67,20.00,3.33,6.67,96.45,153.59,21.03,10.11,138.78,50.24,220.17,0.74,121.05,1.25,0.11,167.09
2026-04-27T16:25:25.626,testsadads,testdasd,1.8441,1,1,SAFE (z=1.84m),0,1,0.9462,716.89,16.84,20.00,3.16,7.37,11.44,316.32,21.03,2.69,138.78,82.95,245.45,0.33,121.05,2.75,0.48,126.56
2026-04-27T16:25:25.677,testsadads,testdasd,1.8375,1,1,SAFE (z=1.84m),0,1,0.9429,716.72,16.99,19.99,4.00,7.00,11.44,316.32,21.03,6.84,150.89,42.15,220.92,0.41,116.82,2.63,0.11,121.98
2026-04-27T16:25:25.739,testsadads,testdasd,1.8368,1,1,SAFE (z=1.84m),0,1,0.9429,716.72,16.17,16.17,0.00,0.00,11.44,316.32,21.03,0.65,150.89,34.79,207.37,0.29,116.82,0.79,0.17,120.08
2026-04-27T16:25:25.776,testsadads,testdasd,1.8368,1,1,SAFE (z=1.84m),0,1,0.9429,716.72,30.27,20.18,0.00,10.09,53.92,235.56,21.03,0.67,150.89,30.81,203.40,0.31,116.82,1.11,0.09,120.34
2026-04-27T16:25:25.828,testsadads,testdasd,1.8426,1,1,SAFE (z=1.84m),0,1,0.9429,716.72,26.42,19.82,0.00,6.61,53.92,235.56,21.03,10.92,150.89,55.70,238.54,0.76,116.82,1.21,0.12,161.86
2026-04-27T16:25:25.876,testsadads,testdasd,1.8438,1,1,SAFE (z=1.84m),0,1,0.9429,716.72,25.09,20.07,0.00,10.03,15.68,367.35,21.03,12.95,150.89,48.04,232.92,0.34,116.82,1.68,0.31,121.15
2026-04-27T16:25:25.926,testsadads,testdasd,1.8375,1,1,SAFE (z=1.84m),0,1,0.9429,716.72,24.04,20.04,0.00,8.01,15.68,367.35,21.03,12.70,150.89,39.64,224.26,0.43,116.82,1.24,0.10,120.61
2026-04-27T16:25:25.977,testsadads,testdasd,1.8368,1,1,SAFE (z=1.84m),0,1,0.9429,716.72,23.36,20.02,0.00,6.67,15.68,367.35,16.37,11.32,150.89,46.24,224.82,0.63,116.82,1.60,1.04,122.09
2026-04-27T16:25:26.047,testsadads,testdasd,1.8368,0,1,SAFE (z=1.84m),0,1,0.9429,716.72,21.62,18.92,0.00,8.11,20.29,503.53,16.37,13.37,150.89,49.80,230.42,3.04,116.82,0.61,0.16,122.64
2026-04-27T16:25:26.078,testsadads,testdasd,1.8368,0,1,SAFE (z=1.84m),0,1,0.9429,716.72,22.45,19.96,0.00,7.48,20.29,503.53,16.37,7.47,150.89,32.67,207.40,0.42,116.82,0.38,0.96,161.32
2026-04-27T16:25:26.126,testsadads,testdasd,1.8302,1,1,SAFE (z=1.83m),0,1,0.9039,608.24,22.24,20.02,2.22,8.90,8.87,188.00,16.37,1.36,178.40,77.98,274.11,0.34,155.38,2.72,2.15,166.27
2026-04-27T16:25:26.176,testsadads,testdasd,1.8231,1,1,SAFE (z=1.83m),0,1,0.9039,608.24,22.02,20.02,2.00,8.01,8.87,188.00,16.37,1.05,178.40,43.00,238.82,0.29,155.38,0.85,0.13,162.33
2026-04-27T16:25:26.227,testsadads,testdasd,1.8231,1,1,SAFE (z=1.83m),0,1,0.9039,608.24,20.01,20.01,1.82,7.28,8.87,188.00,16.37,1.05,178.40,43.00,238.82,0.29,155.38,0.85,0.13,201.37
2026-04-27T16:25:26.285,testsadads,testdasd,1.8224,1,1,SAFE (z=1.82m),0,1,0.9039,608.24,19.72,19.72,1.64,8.22,13.21,317.67,16.37,9.17,178.40,89.69,293.63,0.36,155.38,1.25,0.20,162.86
2026-04-27T16:25:26.327,testsadads,testdasd,1.8032,1,1,SAFE (z=1.82m),0,1,0.9039,608.24,20.00,20.00,1.54,7.69,13.21,317.67,13.99,1.16,178.40,35.15,228.70,0.63,155.38,1.91,0.37,163.97
2026-04-27T16:25:26.376,testsadads,testdasd,1.7643,1,1,SAFE (z=1.82m),0,1,0.9039,608.24,20.02,20.02,1.43,7.15,13.21,317.67,13.99,1.07,178.40,60.82,254.28,0.29,155.38,1.12,0.14,199.47
2026-04-27T16:25:26.426,testsadads,testdasd,1.7425,1,1,SAFE (z=1.74m),0,1,0.7188,607.97,20.02,20.02,2.67,8.01,84.55,156.23,13.99,1.76,126.58,76.12,218.46,0.67,110.37,1.45,0.90,115.06
2026-04-27T16:25:26.476,testsadads,testdasd,1.7425,1,1,SAFE (z=1.74m),0,1,0.7188,607.97,18.76,20.01,2.50,7.50,84.55,156.23,13.99,1.76,126.58,76.12,218.46,0.67,110.37,1.45,0.90,156.58
2026-04-27T16:25:26.526,testsadads,testdasd,1.7425,1,1,SAFE (z=1.74m),0,1,0.7188,607.97,17.66,20.02,2.35,7.06,84.55,156.23,13.99,1.76,126.58,76.12,218.46,0.40,110.37,1.45,0.90,114.78
2026-04-27T16:25:26.578,testsadads,testdasd,1.6674,1,1,SAFE (z=1.69m),0,1,0.7188,607.97,18.87,19.98,2.22,7.77,11.60,273.17,17.36,9.30,126.58,41.79,195.03,0.47,110.37,1.07,0.10,113.68
2026-04-27T16:25:26.626,testsadads,testdasd,1.6492,1,1,SAFE (z=1.69m),0,1,0.7188,607.97,18.96,20.01,2.11,7.37,11.60,273.17,17.36,2.23,126.58,33.91,180.08,0.41,110.37,1.03,0.17,113.64
2026-04-27T16:25:26.676,testsadads,testdasd,1.6215,1,1,SAFE (z=1.62m),0,1,0.7188,607.97,19.01,20.01,2.00,8.00,7.57,394.00,17.36,3.95,126.58,47.39,195.28,0.42,110.37,1.07,0.22,113.74
2026-04-27T16:25:26.733,testsadads,testdasd,1.7708,1,1,SAFE (z=1.62m),0,1,0.9431,367.20,18.94,19.89,2.84,7.58,7.57,394.00,17.36,0.75,136.46,31.84,186.41,0.29,114.29,1.44,0.16,119.54
2026-04-27T16:25:26.776,testsadads,testdasd,1.5940,1,1,SAFE (z=1.62m),0,1,0.9431,367.20,22.91,22.91,0.00,0.00,7.57,394.00,17.36,9.20,136.46,50.56,213.59,0.63,114.29,1.43,0.21,158.94
2026-04-27T16:25:26.828,testsadads,testdasd,1.5620,1,1,SAFE (z=1.56m),0,1,0.9431,367.20,21.06,21.06,0.00,10.53,16.42,273.68,13.57,10.42,136.46,85.13,245.58,0.55,114.29,1.78,0.19,120.18
2026-04-27T16:25:26.876,testsadads,testdasd,1.5402,1,1,SAFE (z=1.56m),0,1,0.9431,367.20,20.89,20.89,0.00,6.96,16.42,273.68,13.57,1.31,136.46,35.60,186.95,0.40,114.29,2.68,0.12,120.86
2026-04-27T16:25:26.929,testsadads,testdasd,1.5199,1,1,SAFE (z=1.56m),0,1,0.9431,367.20,20.39,20.39,0.00,5.10,16.42,273.68,13.57,2.39,136.46,49.93,202.36,1.45,115.99,4.58,0.12,123.81
2026-04-27T16:25:26.984,testsadads,testdasd,1.5199,1,1,SAFE (z=1.56m),0,1,0.9294,268.83,15.93,19.91,3.98,3.98,16.42,273.68,13.57,2.39,135.53,49.93,201.42,1.45,115.99,4.58,0.12,156.29
2026-04-27T16:25:27.026,testsadads,testdasd,1.4787,1,1,WARNING (z=1.48m),1,1,0.9294,268.83,17.03,20.43,3.41,6.81,13.91,196.75,13.57,7.06,135.53,82.20,238.36,0.55,115.99,1.21,0.96,163.29
2026-04-27T16:25:27.076,testsadads,testdasd,1.4538,1,1,WARNING (z=1.48m),1,1,0.9294,268.83,17.45,20.36,2.91,5.82,13.91,196.75,13.57,0.68,135.53,72.15,221.93,0.29,115.99,1.09,0.14,122.71
2026-04-27T16:25:27.126,testsadads,testdasd,1.4154,1,1,WARNING (z=1.42m),1,1,0.9294,268.83,17.78,20.32,2.54,7.62,9.65,312.72,13.57,6.81,135.53,48.49,204.40,0.56,115.99,0.97,0.21,122.94
2026-04-27T16:25:27.176,testsadads,testdasd,1.3925,1,1,WARNING (z=1.42m),1,1,0.9294,268.83,18.02,20.28,2.25,6.76,9.65,312.72,13.57,7.07,135.53,44.44,200.60,0.38,115.99,0.96,0.13,122.65
2026-04-27T16:25:27.248,testsadads,testdasd,1.5046,1,1,SAFE (z=1.50m),0,1,0.9294,268.83,17.48,19.42,1.94,7.77,5.99,394.41,13.57,0.67,135.53,36.63,186.40,0.29,115.99,1.12,0.22,122.83
2026-04-27T16:25:27.279,testsadads,testdasd,1.5046,1,1,SAFE (z=1.50m),0,1,0.9294,268.83,16.47,20.13,1.83,7.32,5.99,394.41,16.06,0.67,135.53,36.63,188.89,0.29,115.99,1.12,0.22,164.73
2026-04-27T16:25:27.329,testsadads,testdasd,1.5046,0,1,SAFE (z=1.50m),0,1,0.9294,268.83,16.75,20.11,1.68,8.38,116.69,505.11,16.06,0.76,135.53,106.80,259.15,1.23,115.99,3.15,0.30,125.87
2026-04-27T16:25:27.376,testsadads,testdasd,1.5046,0,1,SAFE (z=1.50m),0,1,0.9113,143.37,18.64,20.19,3.11,7.77,116.69,505.11,16.06,0.75,151.26,20.50,188.57,0.35,132.94,0.30,0.16,135.48
2026-04-27T16:25:27.439,testsadads,testdasd,1.3545,1,1,SAFE (z=1.35m),0,1,0.9113,143.37,18.41,19.82,2.83,8.50,45.52,182.44,16.06,0.67,151.26,42.89,210.88,2.77,132.94,1.00,0.19,168.48
2026-04-27T16:25:27.480,testsadads,testdasd,1.3429,1,1,WARNING (z=1.34m),1,1,0.9113,143.37,18.74,20.08,2.68,9.37,16.59,233.54,16.06,13.57,151.26,51.56,232.44,0.83,132.94,1.01,0.26,136.76
2026-04-27T16:25:27.526,testsadads,testdasd,1.3545,1,1,WARNING (z=1.34m),1,1,0.9113,143.37,18.90,20.16,2.52,8.82,16.59,233.54,17.20,17.29,151.26,49.56,235.30,1.05,132.94,2.30,2.43,140.45
2026-04-27T16:25:27.576,testsadads,testdasd,1.4201,1,1,WARNING (z=1.42m),1,1,0.9113,143.37,20.15,20.15,2.37,9.48,9.68,361.93,17.20,1.72,151.26,32.80,202.98,2.18,132.94,6.38,0.20,143.42
2026-04-27T16:25:27.626,testsadads,testdasd,1.4671,1,1,WARNING (z=1.42m),1,1,0.9406,148.21,20.14,20.14,3.36,8.95,9.68,361.93,17.20,1.34,154.28,29.04,201.86,0.36,133.99,3.89,0.12,140.56
2026-04-27T16:25:27.676,testsadads,testdasd,1.4918,1,1,WARNING (z=1.42m),1,1,0.9406,148.21,20.14,20.14,3.18,8.48,9.68,361.93,17.20,9.59,154.28,44.79,225.87,0.51,133.99,1.07,0.11,168.98
2026-04-27T16:25:27.730,testsadads,testdasd,1.4967,1,1,WARNING (z=1.50m),1,1,0.9406,148.21,20.06,20.06,3.01,9.03,10.12,264.31,13.81,1.93,154.28,69.05,239.07,0.55,133.99,1.98,0.15,138.88
2026-04-27T16:25:27.785,testsadads,testdasd,1.4967,1,1,WARNING (z=1.50m),1,1,0.9406,148.21,19.01,19.96,2.85,8.55,10.12,264.31,13.81,1.93,154.28,69.05,239.07,0.55,133.99,1.98,0.15,200.96
2026-04-27T16:25:27.826,testsadads,testdasd,1.4967,1,1,WARNING (z=1.50m),1,1,0.8886,148.82,0.00,24.34,24.34,0.00,10.12,264.31,13.81,1.93,117.43,69.05,202.23,0.55,100.87,1.98,0.15,167.45
2026-04-27T16:25:27.876,testsadads,testdasd,1.8322,1,1,SAFE (z=1.54m),0,1,0.8886,148.82,21.97,21.97,10.99,10.99,3.76,148.05,13.81,1.20,117.43,26.55,159.00,0.25,100.87,0.90,0.11,103.95
2026-04-27T16:25:27.926,testsadads,testdasd,1.9489,1,1,SAFE (z=1.54m),0,1,0.8886,148.82,21.27,21.27,7.09,7.09,3.76,148.05,13.81,0.67,117.43,47.14,179.05,0.35,100.87,0.88,0.15,104.06
2026-04-27T16:25:27.976,testsadads,testdasd,1.9452,1,1,SAFE (z=1.95m),0,1,0.8886,148.82,20.91,20.91,5.23,10.46,4.11,263.05,13.81,1.04,117.43,41.58,173.86,0.39,100.87,0.67,0.17,103.92
2026-04-27T16:25:28.027,testsadads,testdasd,1.9452,1,1,SAFE (z=1.95m),0,1,0.8886,148.82,16.53,20.66,4.13,8.26,4.11,263.05,19.84,14.79,117.43,41.58,193.64,0.80,100.87,0.67,0.17,104.34
2026-04-27T16:25:28.077,testsadads,testdasd,2.0188,1,1,SAFE (z=1.95m),0,1,0.8886,148.82,20.57,20.57,3.43,6.86,4.11,263.05,19.84,0.86,117.43,30.52,168.66,2.80,100.87,1.18,0.24,106.91
2026-04-27T16:25:28.126,testsadads,testdasd,2.0495,1,1,SAFE (z=2.05m),0,1,0.8886,148.82,20.51,20.51,2.93,8.79,17.64,409.33,19.84,12.95,117.43,49.31,199.54,3.49,100.87,1.17,0.27,107.62
2026-04-27T16:25:28.176,testsadads,testdasd,2.0495,0,1,SAFE (z=2.05m),0,1,0.7929,69.77,20.45,20.45,5.11,7.67,17.64,409.33,19.84,1.13,168.20,31.22,220.39,0.33,145.41,0.38,0.17,187.91
2026-04-27T16:25:28.226,testsadads,testdasd,2.0495,0,1,SAFE (z=2.05m),0,1,0.7929,69.77,18.12,20.39,4.53,6.80,17.64,409.33,19.84,1.13,168.20,31.22,220.39,0.33,145.41,0.38,0.17,181.51
2026-04-27T16:25:28.276,testsadads,testdasd,1.6666,1,1,SAFE (z=1.67m),0,1,0.7929,69.77,18.32,20.35,4.07,8.14,6.42,271.45,19.84,1.04,168.20,120.23,309.32,0.55,145.41,0.87,0.18,151.79
2026-04-27T16:25:28.334,testsadads,testdasd,1.5788,1,1,SAFE (z=1.67m),0,1,0.7929,69.77,18.20,20.02,3.64,7.28,6.42,271.45,19.84,0.67,168.20,32.46,221.17,0.27,145.41,0.90,0.13,190.82
2026-04-27T16:25:28.376,testsadads,testdasd,1.5355,1,1,SAFE (z=1.54m),0,1,0.7929,69.77,20.30,20.30,3.38,8.46,3.59,382.16,19.84,0.67,168.20,30.97,219.68,0.24,145.41,0.75,0.16,151.33
2026-04-27T16:25:28.426,testsadads,testdasd,1.5284,1,1,SAFE (z=1.54m),0,1,0.7929,69.77,20.27,20.27,3.12,7.80,3.59,382.16,19.84,1.02,168.20,45.12,234.18,0.29,145.41,0.88,0.13,151.49
2026-04-27T16:25:28.477,testsadads,testdasd,1.5284,0,1,SAFE (z=1.54m),0,1,0.7929,69.77,20.24,20.24,2.89,7.23,3.59,382.16,13.89,10.96,168.20,53.44,246.49,0.42,145.41,3.68,0.09,154.38
2026-04-27T16:25:28.529,testsadads,testdasd,1.5284,0,1,SAFE (z=1.53m),0,1,0.7929,69.77,20.15,20.15,2.69,8.06,69.57,534.14,13.89,1.18,168.20,53.20,236.48,1.04,145.41,1.83,0.21,153.27
2026-04-27T16:25:28.592,testsadads,testdasd,1.5284,0,1,SAFE (z=1.53m),0,1,0.7929,69.77,19.83,19.83,2.48,7.44,69.57,534.14,13.89,12.22,168.20,29.71,224.02,0.54,145.41,0.37,0.13,151.24
2026-04-27T16:25:28.627,testsadads,testdasd,1.4966,1,1,SAFE (z=1.53m),0,1,0.8311,137.78,20.18,20.18,3.56,7.12,69.57,534.14,13.04,1.07,150.19,67.97,232.28,0.68,134.08,1.35,0.21,138.11
2026-04-27T16:25:28.677,testsadads,testdasd,1.4354,1,1,WARNING (z=1.44m),1,1,0.8311,137.78,20.18,20.18,3.36,7.85,63.13,237.88,13.04,1.32,150.19,42.67,207.22,0.36,134.08,1.14,0.19,172.15
2026-04-27T16:25:28.727,testsadads,testdasd,1.3724,1,1,WARNING (z=1.44m),1,1,0.8311,137.78,20.18,20.18,3.19,7.43,63.13,237.88,13.04,1.06,150.19,51.24,215.54,0.37,134.08,1.10,0.12,137.47
2026-04-27T16:25:28.776,testsadads,testdasd,1.3412,1,1,WARNING (z=1.44m),1,1,0.9308,167.95,20.18,20.18,4.04,7.06,63.13,237.88,13.04,0.83,132.48,36.39,182.74,0.31,116.07,4.05,0.10,122.11
2026-04-27T16:25:28.830,testsadads,testdasd,1.3346,1,1,WARNING (z=1.33m),1,1,0.9308,167.95,20.09,20.09,3.83,7.65,8.61,192.75,13.04,5.95,132.48,49.31,200.79,0.49,116.07,1.02,0.20,152.16
2026-04-27T16:25:28.876,testsadads,testdasd,1.3039,1,1,WARNING (z=1.33m),1,1,0.9308,167.95,43.60,21.80,0.00,0.00,8.61,192.75,13.04,7.68,132.48,37.24,190.45,0.39,116.07,0.97,0.14,119.16
2026-04-27T16:25:28.926,testsadads,testdasd,1.2908,1,1,WARNING (z=1.29m),1,1,0.9308,167.95,31.27,20.85,0.00,10.42,55.00,313.29,23.78,7.97,132.48,44.00,208.23,0.43,116.07,0.87,0.20,119.15
2026-04-27T16:25:28.976,testsadads,testdasd,1.2895,1,1,WARNING (z=1.29m),1,1,0.9308,167.95,27.40,20.55,0.00,6.85,55.00,313.29,23.78,0.71,132.48,50.99,207.97,0.36,116.07,1.07,0.19,119.29
2026-04-27T16:25:29.047,testsadads,testdasd,1.3129,1,1,WARNING (z=1.29m),1,1,0.9308,167.95,23.03,18.43,0.00,4.61,55.00,313.29,23.78,3.35,132.48,32.68,192.30,0.32,116.07,0.99,0.12,119.07
2026-04-27T16:25:29.076,testsadads,testdasd,1.3129,0,1,WARNING (z=1.31m),1,1,0.9214,355.23,24.39,20.33,4.07,8.13,22.56,453.87,17.55,13.98,165.00,53.94,250.46,0.33,137.14,0.42,4.83,174.25
2026-04-27T16:25:29.126,testsadads,testdasd,1.3206,1,1,SAFE (z=1.32m),0,1,0.9214,355.23,23.64,20.26,3.38,10.13,13.27,225.77,17.55,2.20,165.00,58.24,242.99,0.33,137.14,1.37,0.16,141.31
2026-04-27T16:25:29.177,testsadads,testdasd,1.3221,1,1,WARNING (z=1.32m),1,1,0.9214,355.23,23.10,20.21,2.89,11.55,66.29,278.79,17.55,2.35,165.00,57.28,242.18,2.13,137.14,6.75,0.52,148.84
2026-04-27T16:25:29.227,testsadads,testdasd,1.3157,1,1,WARNING (z=1.32m),1,1,0.9038,433.96,22.71,20.19,5.05,10.09,66.29,278.79,20.09,18.15,132.18,55.24,225.66,0.49,110.54,3.88,0.20,116.78
2026-04-27T16:25:29.277,testsadads,testdasd,1.3157,1,1,WARNING (z=1.32m),1,1,0.9038,433.96,20.15,20.15,4.48,8.96,66.29,278.79,20.09,18.15,132.18,55.24,225.66,0.49,110.54,3.88,0.20,150.34
2026-04-27T16:25:29.328,testsadads,testdasd,1.2887,1,1,WARNING (z=1.29m),1,1,0.8999,565.01,20.11,20.11,6.03,10.06,16.62,237.03,20.09,14.13,149.26,69.86,253.34,4.05,125.38,2.59,0.17,168.92
2026-04-27T16:25:29.376,testsadads,testdasd,1.2950,1,1,WARNING (z=1.29m),1,1,0.8999,565.01,20.16,20.16,5.50,9.16,16.62,237.03,20.09,10.84,149.26,88.50,268.70,1.48,125.38,2.75,0.14,132.75
2026-04-27T16:25:29.426,testsadads,testdasd,1.2931,1,1,WARNING (z=1.29m),1,1,0.8999,565.01,20.14,20.14,5.04,10.07,46.94,232.33,20.09,1.02,149.26,28.29,198.66,0.41,125.38,1.14,0.23,130.15
2026-04-27T16:25:29.477,testsadads,testdasd,1.2931,1,1,WARNING (z=1.29m),1,1,0.8999,565.01,18.57,20.12,4.64,9.28,46.94,232.33,20.09,1.02,149.26,28.29,198.66,0.41,125.38,1.14,0.23,170.50
2026-04-27T16:25:29.526,testsadads,testdasd,1.3288,1,1,WARNING (z=1.33m),1,1,0.8999,565.01,18.68,20.12,4.31,10.06,24.97,329.69,13.51,21.58,149.26,101.77,286.13,0.50,125.38,2.24,0.24,131.36
2026-04-27T16:25:29.580,testsadads,testdasd,1.3613,1,1,WARNING (z=1.33m),1,1,0.8999,565.01,18.69,20.02,4.00,9.34,24.97,329.69,13.51,8.84,149.26,38.99,210.60,2.40,125.38,1.09,0.11,165.58
2026-04-27T16:25:29.626,testsadads,testdasd,1.7213,1,1,SAFE (z=1.72m),0,1,0.8985,940.51,18.85,20.10,5.03,10.05,20.61,422.69,13.51,1.35,132.32,39.54,186.72,0.48,113.80,0.97,0.29,117.26
2026-04-27T16:25:29.676,testsadads,testdasd,1.4157,1,1,WARNING (z=1.42m),1,1,0.8985,940.51,18.91,20.09,4.73,10.64,4.56,194.86,13.51,0.87,132.32,79.91,226.61,0.38,113.80,1.00,0.17,117.07
2026-04-27T16:25:29.726,testsadads,testdasd,1.4157,1,1,WARNING (z=1.42m),1,1,0.8985,940.51,17.86,20.09,4.47,10.05,4.56,194.86,17.80,0.87,132.32,79.91,230.89,0.38,113.80,1.00,0.17,149.92
2026-04-27T16:25:29.776,testsadads,testdasd,1.4039,1,1,WARNING (z=1.42m),1,1,0.8985,940.51,17.97,20.08,4.23,9.51,4.56,194.86,17.80,0.85,132.32,80.89,231.85,0.40,113.80,1.07,0.15,117.15
2026-04-27T16:25:29.826,testsadads,testdasd,1.4039,1,1,WARNING (z=1.42m),1,1,0.8945,969.48,17.07,20.08,5.02,9.04,4.56,194.86,16.35,2.29,127.06,80.89,226.59,0.30,106.20,1.07,0.15,110.06
2026-04-27T16:25:29.877,testsadads,testdasd,1.4095,1,1,WARNING (z=1.40m),1,1,0.8945,969.48,18.16,20.07,4.78,9.56,10.34,153.21,16.35,2.55,127.06,40.45,186.41,0.39,106.20,3.34,0.18,112.46
2026-04-27T16:25:29.926,testsadads,testdasd,1.4095,1,1,WARNING (z=1.40m),1,1,0.8945,969.48,0.00,20.16,0.00,0.00,10.34,153.21,16.35,2.55,127.06,40.45,186.41,0.39,106.20,3.34,0.18,149.81
2026-04-27T16:25:29.976,testsadads,testdasd,1.4642,1,1,WARNING (z=1.42m),1,1,0.8791,1082.18,20.01,20.01,10.00,10.00,11.19,150.45,16.35,0.91,148.96,5.22,171.43,10.81,117.36,1.49,0.17,135.65
2026-04-27T16:25:30.027,testsadads,testdasd,1.5030,1,1,SAFE (z=1.50m),0,1,0.8791,1082.18,19.92,19.92,6.64,13.28,37.90,188.22,16.35,0.80,148.96,28.48,194.58,0.44,117.36,1.00,0.24,124.86
2026-04-27T16:25:30.078,testsadads,testdasd,1.6298,1,1,SAFE (z=1.50m),0,1,0.8791,1082.18,24.77,19.82,4.95,9.91,37.90,188.22,16.67,0.73,148.96,37.93,204.29,0.33,117.36,1.28,1.72,126.51
2026-04-27T16:25:30.128,testsadads,testdasd,1.6298,1,1,SAFE (z=1.50m),0,1,0.8791,1082.18,19.87,19.87,3.97,7.95,37.90,188.22,16.67,0.73,148.96,37.93,204.29,0.33,117.36,1.28,1.72,126.51
2026-04-27T16:25:30.176,testsadads,testdasd,1.6484,1,1,SAFE (z=1.65m),0,1,0.9193,1173.27,20.01,20.01,6.67,10.00,57.73,326.16,16.67,12.03,152.61,45.94,227.24,0.50,132.50,2.70,0.20,176.86
2026-04-27T16:25:30.227,testsadads,testdasd,1.6522,1,1,SAFE (z=1.65m),0,1,0.9193,1173.27,19.99,19.99,5.71,8.57,57.73,326.16,15.78,1.13,152.61,69.03,238.55,0.50,132.50,0.74,0.10,136.77
2026-04-27T16:25:30.276,testsadads,testdasd,1.6529,1,1,SAFE (z=1.65m),0,1,0.9193,1173.27,20.00,20.00,5.00,10.00,5.08,227.76,15.78,0.66,152.61,44.82,213.86,0.32,132.50,0.72,0.18,173.68
2026-04-27T16:25:30.326,testsadads,testdasd,1.6531,1,1,SAFE (z=1.65m),0,1,0.8885,1174.62,20.03,20.03,6.68,8.90,5.08,227.76,15.78,1.14,135.04,80.97,232.93,0.41,116.26,0.86,0.11,119.39
2026-04-27T16:25:30.376,testsadads,testdasd,1.6674,1,1,SAFE (z=1.67m),0,1,0.8885,1174.62,20.02,20.02,6.01,10.01,45.79,183.06,15.78,0.65,135.04,28.90,180.37,0.24,116.26,2.58,0.22,121.05
2026-04-27T16:25:30.427,testsadads,testdasd,1.6751,1,1,SAFE (z=1.67m),0,1,0.8885,1174.62,20.00,20.00,5.45,9.09,45.79,183.06,15.78,0.73,135.04,39.48,191.04,0.30,116.26,0.93,0.10,119.34
2026-04-27T16:25:30.476,testsadads,testdasd,1.8621,1,1,SAFE (z=1.86m),0,1,0.8885,1174.62,21.68,20.01,5.00,10.01,3.98,286.91,15.78,0.72,135.04,31.12,182.66,0.27,116.26,0.79,0.18,119.25
2026-04-27T16:25:30.527,testsadads,testdasd,2.0255,1,1,SAFE (z=1.86m),0,1,0.8885,1174.62,21.53,19.99,4.61,9.23,3.98,286.91,19.61,9.18,135.04,50.09,213.91,0.49,116.26,1.08,0.20,119.79
2026-04-27T16:25:30.576,testsadads,testdasd,2.0508,1,1,SAFE (z=1.86m),0,1,0.8885,1174.62,21.44,20.01,4.29,8.58,3.98,286.91,19.61,2.98,135.04,48.16,205.78,3.44,116.26,2.20,0.32,123.98
2026-04-27T16:25:30.627,testsadads,testdasd,2.0857,1,1,SAFE (z=2.09m),0,1,0.8885,1174.62,21.31,19.97,3.99,9.32,57.91,432.31,19.61,8.70,135.04,41.31,204.66,0.50,116.26,0.93,1.49,156.77
2026-04-27T16:25:30.678,testsadads,testdasd,2.0857,0,1,SAFE (z=2.09m),0,0,0.0000,-1.00,21.22,19.97,4.99,8.74,57.91,432.31,19.61,8.38,150.36,77.48,255.83,0.70,127.30,0.38,0.10,130.24
2026-04-27T16:25:30.726,testsadads,testdasd,2.0857,0,1,SAFE (z=2.09m),0,0,0.0000,-1.00,20.01,20.01,4.71,8.24,57.91,432.31,19.61,8.38,150.36,77.48,255.83,0.70,127.30,0.38,0.10,170.04
2026-04-27T16:25:30.776,testsadads,testdasd,2.0857,0,1,SAFE (z=2.09m),0,0,0.0000,-1.00,20.01,20.01,4.45,8.89,94.93,272.85,19.61,0.72,150.36,75.81,246.51,0.26,127.30,0.31,0.18,129.81
2026-04-27T16:25:30.826,testsadads,testdasd,2.0857,0,1,SAFE (z=2.09m),0,0,0.0000,-1.00,20.00,20.00,4.21,8.42,94.93,272.85,19.61,1.30,150.36,49.42,220.69,0.40,127.30,0.39,0.16,130.02
2026-04-27T16:25:30.876,testsadads,testdasd,2.0857,0,1,SAFE (z=2.09m),0,0,0.0000,-1.00,20.01,20.01,4.00,9.00,5.69,385.66,12.83,1.55,150.36,73.98,238.73,0.51,127.30,0.44,0.33,130.34
2026-04-27T16:25:30.926,testsadads,testdasd,-1.0000,0,0,SAFE (z=2.09m),0,0,0.0000,-1.00,20.01,20.01,3.81,8.57,5.69,385.66,12.83,1.84,150.36,41.69,206.73,1.01,127.30,5.35,0.16,135.58
2026-04-27T16:25:30.977,testsadads,testdasd,-1.0000,0,0,SAFE (z=2.09m),0,0,0.0000,-1.00,19.80,19.80,19.80,0.00,5.69,385.66,12.83,3.17,118.02,38.93,172.94,2.78,103.28,0.56,0.20,108.11
2026-04-27T16:25:31.026,testsadads,testdasd,-1.0000,0,0,SAFE (z=invalid),0,0,0.0000,-1.00,19.95,19.95,9.98,9.98,7.12,147.08,12.83,1.33,118.02,45.72,177.90,0.49,103.28,0.59,0.36,134.98
2026-04-27T16:25:31.080,testsadads,testdasd,-1.0000,0,0,SAFE (z=invalid),0,0,0.0000,-1.00,19.52,19.52,6.51,6.51,7.12,147.08,12.83,0.79,118.02,31.95,163.59,0.29,103.28,0.35,0.12,105.33
2026-04-27T16:25:31.126,testsadads,testdasd,-1.0000,0,0,SAFE (z=invalid),0,0,0.0000,-1.00,15.01,20.02,5.00,5.00,7.12,147.08,12.83,0.79,118.02,31.95,163.59,0.29,103.28,0.35,0.12,142.06
2026-04-27T16:25:31.176,testsadads,testdasd,-1.0000,0,0,SAFE (z=invalid),0,0,0.0000,-1.00,15.99,19.98,4.00,7.99,15.67,311.69,16.37,13.45,118.02,137.32,285.15,0.37,103.28,2.32,3.20,110.46
2026-04-27T16:25:31.226,testsadads,testdasd,-1.0000,0,0,SAFE (z=invalid),0,0,0.0000,-1.00,16.67,20.00,3.33,6.67,15.67,311.69,16.37,1.11,118.02,38.91,174.41,2.90,103.28,0.46,0.56,108.49
2026-04-27T16:25:31.280,testsadads,testdasd,-1.0000,0,0,SAFE (z=invalid),0,0,0.0000,-1.00,16.95,19.77,5.65,8.47,6.42,412.88,16.37,2.76,118.02,64.15,201.30,1.17,118.15,2.77,3.23,126.84
2026-04-27T16:25:31.326,testsadads,testdasd,-1.0000,0,0,SAFE (z=invalid),0,0,0.0000,-1.00,17.51,20.01,5.00,7.50,6.42,412.88,13.81,0.98,139.72,55.46,209.97,0.50,118.15,1.64,0.18,121.99
2026-04-27T16:25:31.376,testsadads,testdasd,-1.0000,0,0,SAFE (z=invalid),0,0,0.0000,-1.00,17.78,20.00,4.44,8.89,5.33,229.71,13.81,1.58,139.72,46.07,201.18,1.50,118.15,2.14,0.67,123.98
2026-04-27T16:25:31.427,testsadads,testdasd,-1.0000,0,0,SAFE (z=invalid),0,0,0.0000,-1.00,17.97,19.97,3.99,7.99,5.33,229.71,13.81,0.89,139.72,38.58,193.00,0.31,118.15,0.31,0.18,120.47
2026-04-27T16:25:31.477,testsadads,testdasd,-1.0000,0,0,SAFE (z=invalid),0,0,0.0000,-1.00,18.16,19.98,5.45,7.27,5.33,229.71,13.81,1.99,125.64,44.24,185.68,0.31,107.66,2.17,0.35,112.06
2026-04-27T16:25:31.526,testsadads,testdasd,-1.0000,0,0,SAFE (z=invalid),0,0,0.0000,-1.00,20.01,20.01,5.00,8.34,11.88,182.70,13.81,0.99,125.64,32.63,173.06,0.36,107.66,0.60,0.15,110.36
2026-04-27T16:25:31.576,testsadads,testdasd,-1.0000,0,0,SAFE (z=invalid),0,0,0.0000,-1.00,18.47,20.01,4.62,7.69,11.88,182.70,13.81,0.99,125.64,32.63,173.06,0.36,107.66,0.60,0.15,148.75
2026-04-27T16:25:31.626,testsadads,testdasd,-1.0000,0,0,SAFE (z=invalid),0,0,0.0000,-1.00,18.57,20.00,4.29,8.57,11.45,307.57,13.81,9.26,125.64,93.04,241.74,0.46,107.66,0.45,0.18,110.33
2026-04-27T16:25:31.676,testsadads,testdasd,-1.0000,0,0,SAFE (z=invalid),0,0,0.0000,-1.00,17.33,20.00,4.00,8.00,11.45,307.57,14.71,9.26,125.64,93.04,242.64,0.46,107.66,0.45,0.18,147.28
2026-04-27T16:25:31.727,testsadads,testdasd,-1.0000,0,0,SAFE (z=invalid),0,0,0.0000,-1.00,17.49,19.99,3.75,8.74,30.72,415.53,14.71,23.20,125.64,105.95,269.49,0.53,107.66,0.50,0.25,110.53
2026-04-27T16:25:31.783,testsadads,testdasd,-1.0000,0,0,SAFE (z=invalid),0,0,0.0000,-1.00,18.67,19.84,3.50,8.17,30.72,415.53,14.71,1.38,125.64,17.84,159.57,0.34,107.66,0.35,0.14,110.07
2026-04-27T16:25:31.826,testsadads,testdasd,-1.0000,0,0,SAFE (z=invalid),0,0,0.0000,-1.00,17.78,20.01,4.45,7.78,30.72,415.53,14.71,1.38,167.23,17.84,201.16,0.34,150.92,0.35,0.14,196.11
2026-04-27T16:25:31.877,testsadads,testdasd,-1.0000,0,0,SAFE (z=invalid),0,0,0.0000,-1.00,17.89,19.99,4.21,8.42,82.98,227.22,14.71,0.97,167.23,74.66,257.56,0.36,150.92,0.37,0.23,153.17
2026-04-27T16:25:31.927,testsadads,testdasd,-1.0000,0,0,SAFE (z=invalid),0,0,0.0000,-1.00,18.00,19.99,4.00,8.00,82.98,227.22,14.71,1.35,167.23,43.22,226.51,0.39,150.92,0.41,0.13,153.13
2026-04-27T16:25:31.982,testsadads,testdasd,-1.0000,0,0,SAFE (z=invalid),0,0,0.0000,-1.00,0.00,17.94,0.00,0.00,82.98,227.22,14.71,1.35,167.23,43.22,226.51,0.39,150.92,0.41,0.13,190.66
2026-04-27T16:25:32.035,testsadads,testdasd,-1.0000,0,0,SAFE (z=invalid),0,0,0.0000,-1.00,9.24,18.48,0.00,9.24,95.17,356.48,14.77,1.30,167.23,82.78,266.08,0.69,150.92,2.57,0.21,204.03
2026-04-27T16:25:32.076,testsadads,testdasd,-1.0000,0,0,SAFE (z=invalid),0,0,0.0000,-1.00,13.35,20.03,0.00,6.68,95.17,356.48,14.77,1.03,167.23,52.19,235.22,0.46,150.92,0.48,0.11,190.98
2026-04-27T16:25:32.126,testsadads,testdasd,-1.0000,0,0,SAFE (z=invalid),0,0,0.0000,-1.00,15.02,20.03,5.01,10.02,4.33,149.50,15.35,1.62,133.91,81.62,232.50,0.29,114.85,0.53,0.20,120.39
2026-04-27T16:25:32.181,testsadads,testdasd,-1.0000,0,0,SAFE (z=invalid),0,0,0.0000,-1.00,15.69,19.61,3.92,7.84,4.33,149.50,15.35,5.39,133.91,61.65,216.31,0.67,114.85,1.80,4.12,125.95
2026-04-27T16:25:32.226,testsadads,testdasd,-1.0000,0,0,SAFE (z=invalid),0,0,0.0000,-1.00,13.34,20.01,3.34,6.67,4.33,149.50,15.35,5.39,133.91,61.65,216.31,0.67,114.85,1.80,4.12,160.47
2026-04-27T16:25:32.277,testsadads,testdasd,-1.0000,0,0,SAFE (z=invalid),0,0,0.0000,-1.00,17.11,19.97,5.70,8.56,9.13,153.49,15.35,8.05,138.40,33.27,195.08,0.62,121.17,0.36,0.10,123.65
2026-04-27T16:25:32.326,testsadads,testdasd,-1.0000,0,0,SAFE (z=invalid),0,0,0.0000,-1.00,17.51,20.01,5.00,7.50,9.13,153.49,16.15,10.92,138.40,40.68,206.16,1.04,121.17,0.33,0.10,124.03
2026-04-27T16:25:32.384,testsadads,testdasd,-1.0000,0,0,SAFE (z=invalid),0,0,0.0000,-1.00,15.29,19.65,4.37,6.55,9.13,153.49,16.15,10.92,138.40,40.68,206.16,1.04,121.17,0.33,0.10,124.03
2026-04-27T16:25:32.427,testsadads,testdasd,-1.0000,0,0,SAFE (z=invalid),0,0,0.0000,-1.00,17.99,19.98,4.00,7.99,20.61,303.48,16.15,7.47,138.40,24.28,186.31,2.11,121.17,0.63,0.17,125.48
2026-04-27T16:25:32.479,testsadads,testdasd,-1.0000,0,0,SAFE (z=invalid),0,0,0.0000,-1.00,16.29,19.91,3.62,7.24,20.61,303.48,16.15,7.47,138.40,24.28,186.31,2.11,121.17,0.63,0.17,152.57
2026-04-27T16:25:32.527,testsadads,testdasd,1.1073,1,1,SAFE (z=invalid),0,1,0.6438,1204.60,18.31,19.98,4.99,6.66,20.61,303.48,19.30,14.95,193.23,74.29,301.77,1.63,167.67,1.34,0.10,172.92
2026-04-27T16:25:32.576,testsadads,testdasd,1.0909,1,1,WARNING (z=1.09m),1,1,0.6438,1204.60,18.46,20.00,4.62,9.23,57.31,276.54,19.30,1.50,193.23,31.65,245.68,0.43,167.67,0.90,0.49,171.67
2026-04-27T16:25:32.637,testsadads,testdasd,1.0847,1,1,WARNING (z=1.09m),1,1,0.6438,1204.60,18.29,19.70,4.22,8.44,57.31,276.54,19.30,1.00,193.23,37.00,250.53,2.06,167.67,2.14,0.10,206.55
2026-04-27T16:25:32.676,testsadads,testdasd,1.0980,1,1,WARNING (z=1.10m),1,1,0.9417,1088.17,20.01,20.01,5.34,9.34,3.60,180.59,19.30,0.67,172.97,31.03,223.97,0.30,150.26,1.04,0.21,154.73
2026-04-27T16:25:32.726,testsadads,testdasd,1.1013,1,1,WARNING (z=1.10m),1,1,0.9417,1088.17,20.01,20.01,5.00,8.75,3.60,180.59,19.30,0.79,172.97,41.92,234.98,0.65,150.26,1.00,0.12,154.96
2026-04-27T16:25:32.776,testsadads,testdasd,1.1061,1,1,WARNING (z=1.10m),1,1,0.9417,1088.17,20.00,20.00,4.71,8.24,3.60,180.59,15.41,11.57,172.97,53.45,253.40,0.59,150.26,3.45,0.12,157.33
2026-04-27T16:25:32.836,testsadads,testdasd,1.1061,1,1,WARNING (z=1.10m),1,1,0.9417,1088.17,18.69,19.79,4.40,7.69,3.60,180.59,15.41,11.57,172.97,53.45,253.40,0.59,150.26,3.45,0.12,198.85
2026-04-27T16:25:32.876,testsadads,testdasd,1.1157,1,1,WARNING (z=1.12m),1,1,0.9417,1088.17,18.95,20.01,4.21,8.42,15.82,358.24,15.41,12.46,172.97,85.00,285.84,0.47,150.26,3.33,1.20,191.36
2026-04-27T16:25:32.926,testsadads,testdasd,1.1489,1,1,WARNING (z=1.12m),1,1,0.9245,920.07,19.00,20.00,5.00,8.00,15.82,358.24,15.41,0.70,148.85,59.34,224.30,0.29,130.87,1.21,0.11,134.19
2026-04-27T16:25:32.976,testsadads,testdasd,1.1486,1,1,WARNING (z=1.15m),1,1,0.9245,920.07,19.05,20.00,4.76,8.57,50.34,217.82,15.41,0.86,148.85,43.99,209.11,0.35,130.87,1.22,0.23,134.38
2026-04-27T16:25:33.027,testsadads,testdasd,1.1260,1,1,WARNING (z=1.15m),1,1,0.9245,920.07,19.92,19.92,0.00,0.00,50.34,217.82,15.41,8.53,148.85,50.87,223.65,0.44,130.87,1.25,0.12,134.38
2026-04-27T16:25:33.077,testsadads,testdasd,1.1140,1,1,WARNING (z=1.15m),1,1,0.9245,920.07,19.84,19.84,0.00,0.00,50.34,217.82,15.41,1.19,148.85,35.32,200.77,0.37,130.87,1.61,0.26,179.22
2026-04-27T16:25:33.132,testsadads,testdasd,1.0669,1,1,WARNING (z=1.07m),1,1,0.9245,920.07,19.33,19.33,0.00,6.44,28.61,370.32,15.89,23.90,148.85,71.29,259.93,0.68,130.87,2.74,0.26,178.38
2026-04-27T16:25:33.176,testsadads,testdasd,1.0513,1,1,WARNING (z=1.07m),1,1,0.9245,920.07,20.00,20.00,0.00,5.00,28.61,370.32,15.89,2.37,148.85,27.10,194.21,4.80,130.87,1.71,0.12,167.21
2026-04-27T16:25:33.226,testsadads,testdasd,1.0557,1,1,WARNING (z=1.06m),1,1,0.9144,662.17,20.03,20.03,4.01,8.01,17.52,162.93,15.89,13.80,128.14,94.20,252.04,0.64,108.18,1.54,1.06,113.20
2026-04-27T16:25:33.276,testsadads,testdasd,1.0481,1,1,WARNING (z=1.06m),1,1,0.9144,662.17,20.00,20.00,3.33,6.67,17.52,162.93,15.89,1.40,128.14,21.89,167.33,0.49,108.18,1.14,0.82,112.40
2026-04-27T16:25:33.327,testsadads,testdasd,1.0347,1,1,WARNING (z=1.06m),1,1,0.9144,662.17,19.96,19.96,2.85,5.70,17.52,162.93,15.70,19.97,128.14,65.00,228.82,0.45,108.18,1.95,0.49,112.84
2026-04-27T16:25:33.377,testsadads,testdasd,1.0231,1,1,WARNING (z=1.02m),1,1,0.9144,662.17,19.94,19.94,2.49,7.48,69.29,290.29,15.70,1.19,128.14,29.93,174.96,0.35,108.18,1.08,0.23,111.62
2026-04-27T16:25:33.426,testsadads,testdasd,1.0107,1,1,WARNING (z=1.02m),1,1,0.9463,464.09,22.22,20.00,4.44,6.67,69.29,290.29,15.70,4.42,155.03,39.35,214.51,0.53,136.58,1.80,0.17,141.07
2026-04-27T16:25:33.476,testsadads,testdasd,1.0067,1,1,WARNING (z=1.01m),1,1,0.9463,464.09,22.01,20.01,4.00,8.00,14.58,194.82,15.70,9.41,155.03,40.05,220.19,0.45,136.58,3.87,0.18,143.07
2026-04-27T16:25:33.527,testsadads,testdasd,1.0043,1,1,WARNING (z=1.01m),1,1,0.9463,464.09,21.81,19.99,3.63,7.27,14.58,194.82,17.88,2.03,155.03,39.97,214.90,0.81,136.58,4.11,0.25,143.73
2026-04-27T16:25:33.585,testsadads,testdasd,1.0043,1,1,WARNING (z=1.01m),1,1,0.9463,464.09,19.70,19.70,3.28,6.57,14.58,194.82,17.88,2.03,155.03,39.97,214.90,0.81,136.58,4.11,0.25,189.13
2026-04-27T16:25:33.626,testsadads,testdasd,1.0041,1,1,WARNING (z=1.00m),1,1,0.9463,464.09,20.00,20.00,3.08,7.69,18.36,328.96,17.88,13.86,155.03,94.55,281.31,0.78,136.58,2.30,0.21,141.86
2026-04-27T16:25:33.676,testsadads,testdasd,1.0129,1,1,WARNING (z=1.00m),1,1,0.9371,341.39,20.00,20.00,4.29,7.14,18.36,328.96,17.88,1.00,150.89,74.82,244.59,0.27,130.46,1.85,0.11,134.58
2026-04-27T16:25:33.726,testsadads,testdasd,1.0200,1,1,WARNING (z=1.02m),1,1,0.9371,341.39,20.00,20.00,4.00,8.00,12.99,231.79,17.88,9.19,150.89,38.82,216.78,0.43,130.46,1.39,0.17,134.34
2026-04-27T16:25:33.776,testsadads,testdasd,1.0287,1,1,WARNING (z=1.02m),1,1,0.9371,341.39,20.00,20.00,3.75,7.50,12.99,231.79,15.67,2.38,150.89,35.98,204.93,0.68,130.46,2.59,0.14,135.76
2026-04-27T16:25:33.826,testsadads,testdasd,1.0397,1,1,WARNING (z=1.04m),1,1,0.9371,341.39,20.00,20.00,3.53,8.24,10.19,344.88,15.67,11.30,150.89,79.14,257.01,15.06,130.46,6.51,0.70,154.62
2026-04-27T16:25:33.879,testsadads,testdasd,1.0651,1,1,WARNING (z=1.04m),1,1,0.9289,332.29,19.94,19.94,4.43,7.75,10.19,344.88,15.67,11.30,136.98,7.80,171.75,15.06,118.65,5.96,0.72,178.21
2026-04-27T16:25:33.926,testsadads,testdasd,1.0802,1,1,WARNING (z=1.04m),1,1,0.9289,332.29,20.01,20.01,4.21,7.37,10.19,344.88,15.67,1.94,136.98,43.70,198.28,0.82,118.65,3.27,0.26,163.07
2026-04-27T16:25:33.976,testsadads,testdasd,1.0977,1,1,WARNING (z=1.10m),1,1,0.9289,332.29,20.00,20.00,4.00,8.00,4.19,227.96,15.67,0.73,136.98,76.53,229.91,0.36,118.65,1.42,0.21,123.21
2026-04-27T16:25:34.026,testsadads,testdasd,1.1183,1,1,WARNING (z=1.10m),1,1,0.9289,332.29,20.00,20.00,3.81,7.62,4.19,227.96,15.67,9.75,136.98,54.67,217.07,0.48,118.65,1.20,0.15,123.05
2026-04-27T16:25:34.083,testsadads,testdasd,1.1805,1,1,WARNING (z=1.10m),1,1,0.9289,332.29,17.71,17.71,0.00,0.00,4.19,227.96,15.67,7.82,136.98,35.29,195.75,0.47,118.65,1.21,0.13,123.03
2026-04-27T16:25:34.127,testsadads,testdasd,1.1979,1,1,WARNING (z=1.20m),1,1,0.9289,332.29,19.90,19.90,0.00,9.95,13.32,364.61,16.80,8.98,136.98,47.68,210.44,0.46,118.65,1.23,0.19,167.43
2026-04-27T16:25:34.176,testsadads,testdasd,1.1979,0,1,WARNING (z=1.20m),1,1,0.9289,332.29,20.01,20.01,0.00,6.67,13.32,364.61,16.80,1.77,136.98,80.29,235.84,0.42,118.65,0.40,0.10,122.14
2026-04-27T16:25:34.226,testsadads,testdasd,1.1979,0,1,WARNING (z=1.20m),1,1,0.9431,219.77,15.00,20.00,5.00,5.00,13.32,364.61,16.80,1.77,133.01,80.29,231.87,0.42,108.38,0.40,0.10,150.57
2026-04-27T16:25:34.276,testsadads,testdasd,1.2270,1,1,SAFE (z=1.23m),0,1,0.9431,219.77,16.01,20.01,4.00,8.00,22.99,198.88,15.67,14.77,133.01,94.57,258.01,0.53,108.38,4.19,2.88,118.74
2026-04-27T16:25:34.328,testsadads,testdasd,1.2683,1,1,WARNING (z=1.24m),1,1,0.9431,219.77,19.86,19.86,3.31,9.93,73.34,249.24,15.67,1.06,133.01,33.30,183.03,0.58,108.38,1.19,0.11,113.02
2026-04-27T16:25:34.376,testsadads,testdasd,1.2794,1,1,WARNING (z=1.24m),1,1,0.9576,244.31,20.02,20.02,5.72,8.58,73.34,249.24,15.67,1.36,130.96,42.29,190.28,0.34,110.96,1.34,0.16,114.67
2026-04-27T16:25:34.426,testsadads,testdasd,1.2816,1,1,WARNING (z=1.28m),1,1,0.9576,244.31,20.01,20.01,5.00,10.01,12.40,184.41,15.67,9.03,130.96,43.87,199.53,0.39,110.96,1.55,0.18,114.93
2026-04-27T16:25:34.476,testsadads,testdasd,1.2849,1,1,WARNING (z=1.28m),1,1,0.9576,244.31,20.01,20.01,4.45,8.89,12.40,184.41,15.67,0.92,130.96,38.28,185.83,0.33,110.96,1.69,0.10,114.94
2026-04-27T16:25:34.531,testsadads,testdasd,1.2849,1,1,WARNING (z=1.28m),1,1,0.9576,244.31,17.82,19.80,3.96,7.92,12.40,184.41,15.67,0.92,130.96,38.28,185.83,0.33,110.96,1.69,0.10,154.15
2026-04-27T16:25:34.576,testsadads,testdasd,1.2544,1,1,WARNING (z=1.25m),1,1,0.9576,244.31,18.19,20.01,3.64,9.10,90.98,308.96,15.40,1.32,130.96,81.87,229.55,0.55,110.96,1.50,0.39,156.27
2026-04-27T16:25:34.627,testsadads,testdasd,1.2483,1,1,WARNING (z=1.25m),1,1,0.9576,244.31,18.32,19.99,3.33,8.33,90.98,308.96,15.40,1.53,130.96,91.28,239.16,0.44,110.96,1.19,0.16,114.60
2026-04-27T16:25:34.676,testsadads,testdasd,1.2417,1,1,WARNING (z=1.24m),1,1,0.9092,267.30,18.47,20.01,4.62,9.24,49.22,152.74,15.40,1.63,120.24,44.42,181.68,0.73,102.16,1.15,0.16,106.18
2026-04-27T16:25:34.728,testsadads,testdasd,1.2437,1,1,WARNING (z=1.24m),1,1,0.9092,267.30,18.52,19.95,4.27,8.55,49.22,152.74,18.82,8.28,120.24,40.89,188.23,0.45,102.16,1.27,0.11,105.97
2026-04-27T16:25:34.780,testsadads,testdasd,1.2442,1,1,WARNING (z=1.24m),1,1,0.9092,267.30,18.57,19.89,3.98,7.96,49.22,152.74,18.82,1.15,120.24,40.89,181.09,0.59,102.16,1.27,0.11,106.11
2026-04-27T16:25:34.826,testsadads,testdasd,1.2551,1,1,WARNING (z=1.24m),1,1,0.9197,332.50,18.75,20.00,5.00,8.75,9.57,271.95,18.82,0.68,124.65,42.35,186.50,0.26,102.73,0.96,0.10,106.46
2026-04-27T16:25:34.876,testsadads,testdasd,1.2572,1,1,WARNING (z=1.24m),1,1,0.9197,332.50,18.83,20.00,4.71,8.24,9.57,271.95,18.82,0.97,124.65,43.49,187.94,0.32,102.73,0.82,0.11,106.39
2026-04-27T16:25:34.927,testsadads,testdasd,1.2632,1,1,WARNING (z=1.26m),1,1,0.9197,332.50,18.88,19.99,4.44,8.88,54.59,234.41,20.18,1.31,124.65,45.07,191.22,0.47,102.73,1.09,0.23,106.94
2026-04-27T16:25:34.977,testsadads,testdasd,1.2614,1,1,WARNING (z=1.26m),1,1,0.9197,332.50,18.95,20.00,4.21,8.42,54.59,234.41,20.18,1.15,124.65,45.58,191.56,0.31,102.73,1.65,0.12,107.22
2026-04-27T16:25:35.026,testsadads,testdasd,1.2668,1,1,WARNING (z=1.26m),1,1,0.9232,372.30,19.00,20.00,5.00,8.00,54.59,234.41,20.18,1.23,126.59,45.08,193.08,0.41,103.72,1.23,0.15,107.71
2026-04-27T16:25:35.084,testsadads,testdasd,1.2848,1,1,WARNING (z=1.28m),1,1,0.9232,372.30,17.45,17.45,0.00,17.45,4.38,145.99,20.18,0.69,126.59,37.99,185.46,0.31,103.72,2.71,0.20,152.59
2026-04-27T16:25:35.126,testsadads,testdasd,1.2796,1,1,WARNING (z=1.28m),1,1,0.9232,372.30,30.05,20.03,0.00,10.02,4.38,145.99,20.18,0.61,126.59,43.27,190.66,0.25,103.72,1.02,0.10,107.29
2026-04-27T16:25:35.176,testsadads,testdasd,1.2724,1,1,WARNING (z=1.27m),1,1,0.9232,372.30,26.69,20.02,0.00,13.34,5.28,276.82,20.18,1.50,126.59,42.55,190.83,0.84,103.72,1.24,0.20,108.19
2026-04-27T16:25:35.226,testsadads,testdasd,1.2724,1,1,WARNING (z=1.27m),1,1,0.9232,372.30,20.03,20.03,0.00,10.02,5.28,276.82,15.51,1.50,126.59,42.55,186.15,0.84,103.72,1.24,0.20,143.86
2026-04-27T16:25:35.278,testsadads,testdasd,1.2593,1,1,WARNING (z=1.26m),1,1,0.9232,372.30,19.86,19.86,0.00,11.92,23.60,383.98,15.51,13.07,126.59,103.77,258.94,0.34,103.72,3.16,1.97,111.38
2026-04-27T16:25:35.337,testsadads,testdasd,1.2398,1,1,WARNING (z=1.26m),1,1,0.9232,372.30,19.31,19.31,0.00,9.66,23.60,383.98,15.51,1.61,126.59,22.24,165.94,0.38,103.72,1.13,0.12,107.54
2026-04-27T16:25:35.377,testsadads,testdasd,1.2398,0,1,WARNING (z=1.26m),1,1,0.9295,417.83,19.94,19.94,2.85,8.55,23.60,383.98,15.51,1.55,148.32,41.14,206.52,0.44,130.21,0.48,0.11,133.14
2026-04-27T16:25:35.426,testsadads,testdasd,1.2285,1,1,WARNING (z=1.23m),1,1,0.9295,417.83,22.52,20.02,2.50,12.51,48.42,231.58,15.51,1.14,148.32,36.64,201.61,0.36,130.21,1.35,0.21,134.03
2026-04-27T16:25:35.476,testsadads,testdasd,1.2249,1,1,WARNING (z=1.23m),1,1,0.9295,417.83,22.23,20.00,2.22,11.11,48.42,231.58,15.09,1.27,148.32,46.05,210.74,0.61,130.21,1.46,0.27,134.45
2026-04-27T16:25:35.527,testsadads,testdasd,1.2102,1,1,WARNING (z=1.23m),1,1,0.9295,417.83,21.99,19.99,2.00,10.00,48.42,231.58,15.09,1.72,148.32,38.96,204.09,0.37,130.21,1.02,0.85,134.35
2026-04-27T16:25:35.578,testsadads,testdasd,1.2114,1,1,WARNING (z=1.23m),1,1,0.9373,458.44,21.77,19.95,3.63,9.07,48.42,231.58,15.09,1.26,131.82,38.96,187.13,0.48,105.39,1.21,0.85,114.45
2026-04-27T16:25:35.626,testsadads,testdasd,1.2167,1,1,WARNING (z=1.21m),1,1,0.9373,458.44,21.68,20.01,3.34,10.01,7.65,143.66,15.92,1.04,131.82,41.13,189.91,0.66,105.39,2.89,0.11,115.56
2026-04-27T16:25:35.676,testsadads,testdasd,1.2204,1,1,WARNING (z=1.21m),1,1,0.9373,458.44,21.54,20.01,3.08,9.23,7.65,143.66,15.92,3.10,131.82,43.01,193.85,0.45,105.39,4.05,0.15,116.55
2026-04-27T16:25:35.726,testsadads,testdasd,1.2263,1,1,WARNING (z=1.23m),1,1,0.9151,522.38,21.43,20.00,4.29,10.00,6.23,266.60,15.92,1.52,118.40,42.96,178.80,0.40,99.47,1.79,0.18,104.19
2026-04-27T16:25:35.776,testsadads,testdasd,1.2301,1,1,WARNING (z=1.23m),1,1,0.9151,522.38,21.33,20.00,4.00,9.33,6.23,266.60,15.92,0.76,118.40,35.14,170.22,0.28,99.47,1.34,0.10,143.88
2026-04-27T16:25:35.827,testsadads,testdasd,1.2335,1,1,WARNING (z=1.23m),1,1,0.9151,522.38,21.22,19.97,3.75,9.99,90.33,226.33,15.92,1.00,118.40,77.82,213.14,0.31,99.47,0.87,0.23,103.23
2026-04-27T16:25:35.876,testsadads,testdasd,1.2368,1,1,WARNING (z=1.23m),1,1,0.9151,522.38,21.19,20.01,3.53,9.42,90.33,226.33,15.92,6.30,118.40,50.93,191.55,0.40,99.47,1.08,0.17,103.46
2026-04-27T16:25:35.926,testsadads,testdasd,1.2401,1,1,WARNING (z=1.23m),1,1,0.9151,522.38,21.11,20.00,3.33,8.89,90.33,226.33,13.29,1.55,118.40,31.86,165.09,0.46,99.47,1.56,0.31,104.15
2026-04-27T16:25:35.976,testsadads,testdasd,1.2349,1,1,WARNING (z=1.23m),1,1,0.9151,522.38,21.05,20.00,3.16,9.47,7.96,347.87,13.29,1.77,118.40,47.67,181.12,0.58,99.47,1.24,1.48,140.67
2026-04-27T16:25:36.033,testsadads,testdasd,1.2285,1,1,WARNING (z=1.23m),1,1,0.9024,525.70,20.86,19.86,3.97,8.94,7.96,347.87,13.29,1.45,117.71,41.42,173.87,0.35,101.58,1.25,0.12,148.06
2026-04-27T16:25:36.076,testsadads,testdasd,1.2182,1,1,WARNING (z=1.22m),1,1,0.9024,525.70,46.68,23.34,0.00,23.34,42.14,189.33,13.29,0.87,117.71,28.01,159.88,0.33,101.58,1.36,0.33,107.08
2026-04-27T16:25:36.126,testsadads,testdasd,1.2152,1,1,WARNING (z=1.22m),1,1,0.9024,525.70,32.22,21.48,0.00,10.74,42.14,189.33,13.64,1.36,117.71,35.84,168.55,0.73,101.58,1.40,0.14,107.33
2026-04-27T16:25:36.177,testsadads,testdasd,1.2152,1,1,WARNING (z=1.22m),1,1,0.9024,525.70,20.93,20.93,0.00,6.98,42.14,189.33,13.64,1.36,117.71,35.84,168.55,0.73,101.58,1.40,0.14,147.37
2026-04-27T16:25:36.226,testsadads,testdasd,1.2019,1,1,WARNING (z=1.20m),1,1,0.9339,468.80,25.92,20.73,5.18,10.37,100.92,316.78,13.64,0.63,135.45,27.06,176.77,0.32,117.61,0.77,0.46,121.02
2026-04-27T16:25:36.276,testsadads,testdasd,1.2047,1,1,WARNING (z=1.20m),1,1,0.9339,468.80,24.70,20.58,4.12,8.23,100.92,316.78,13.64,7.21,135.45,44.83,201.13,0.33,117.61,1.10,0.14,121.04
2026-04-27T16:25:36.329,testsadads,testdasd,1.2103,1,1,WARNING (z=1.21m),1,1,0.9339,468.80,23.68,20.30,3.38,10.15,8.27,232.62,19.61,1.30,135.45,45.52,201.88,0.40,117.61,1.30,2.22,123.40
2026-04-27T16:25:36.376,testsadads,testdasd,1.2140,1,1,WARNING (z=1.21m),1,1,0.9339,468.80,23.31,20.40,2.91,8.74,8.27,232.62,19.61,15.47,135.45,61.22,231.75,0.53,117.61,0.91,0.55,121.46
2026-04-27T16:25:36.438,testsadads,testdasd,1.2172,1,1,WARNING (z=1.21m),1,1,0.9339,468.80,22.21,19.75,2.47,7.40,8.27,232.62,19.61,8.30,135.45,33.98,197.34,0.39,117.61,2.84,0.19,155.74
2026-04-27T16:25:36.479,testsadads,testdasd,1.2172,1,1,WARNING (z=1.21m),1,1,0.9280,427.92,20.18,20.18,4.48,6.73,8.27,232.62,19.61,8.30,153.08,33.98,214.98,0.39,131.14,2.84,0.19,171.72
2026-04-27T16:25:36.527,testsadads,testdasd,1.2179,1,1,WARNING (z=1.22m),1,1,0.9280,427.92,20.25,20.25,4.05,8.10,27.61,203.56,15.83,12.87,153.08,79.99,261.77,0.57,131.14,3.12,0.21,136.69
2026-04-27T16:25:36.576,testsadads,testdasd,1.2181,1,1,WARNING (z=1.22m),1,1,0.9280,427.92,22.09,20.25,3.68,7.36,27.61,203.56,15.83,0.82,153.08,35.87,205.60,0.32,131.14,1.60,0.19,134.89
2026-04-27T16:25:36.637,testsadads,testdasd,1.2206,1,1,WARNING (z=1.22m),1,1,0.9326,438.40,21.54,19.88,4.97,8.28,7.60,311.96,15.83,1.42,149.44,45.82,212.50,0.36,131.32,1.17,1.39,171.30
2026-04-27T16:25:36.679,testsadads,testdasd,1.2206,1,1,WARNING (z=1.22m),1,1,0.9326,438.40,20.12,20.12,4.64,7.74,7.60,311.96,15.83,1.42,149.44,45.82,212.50,0.36,131.32,1.17,1.39,174.52
2026-04-27T16:25:36.729,testsadads,testdasd,1.2275,1,1,WARNING (z=1.23m),1,1,0.9326,438.40,21.56,20.12,4.31,8.62,17.75,280.98,15.82,11.50,149.44,46.48,223.24,0.54,131.32,2.71,0.25,136.58
2026-04-27T16:25:36.776,testsadads,testdasd,1.2275,1,1,WARNING (z=1.23m),1,1,0.9326,438.40,20.19,20.19,4.04,8.08,17.75,280.98,15.82,11.50,149.44,46.48,223.24,0.54,131.32,2.71,0.25,199.52
2026-04-27T16:25:36.827,testsadads,testdasd,1.2248,1,1,WARNING (z=1.23m),1,1,0.9326,438.40,20.17,20.17,3.78,7.56,17.75,280.98,15.82,2.05,149.44,97.47,264.78,0.50,131.32,2.71,2.15,138.44
2026-04-27T16:25:36.888,testsadads,testdasd,1.2324,1,1,WARNING (z=1.23m),1,1,0.9005,512.76,19.88,19.88,4.68,8.19,3.27,157.99,15.82,0.79,148.26,28.43,193.31,0.40,128.89,1.37,0.45,155.52
2026-04-27T16:25:36.928,testsadads,testdasd,1.2324,1,1,WARNING (z=1.23m),1,1,0.9005,512.76,19.01,20.13,4.47,7.83,3.27,157.99,15.15,0.79,148.26,28.43,192.64,0.40,128.89,1.37,0.45,174.58
2026-04-27T16:25:36.976,testsadads,testdasd,1.2419,1,1,WARNING (z=1.24m),1,1,0.9005,512.76,19.08,20.14,4.24,8.48,6.80,272.21,15.15,1.57,148.26,112.56,277.53,0.46,128.89,4.19,0.30,136.27
2026-04-27T16:25:37.026,testsadads,testdasd,1.2410,1,1,WARNING (z=1.24m),1,1,0.9342,492.81,19.13,20.14,5.03,8.06,6.80,272.21,15.15,1.80,134.85,50.88,202.68,0.61,115.39,1.22,0.14,119.36
2026-04-27T16:25:37.076,testsadads,testdasd,1.2463,1,1,WARNING (z=1.24m),1,1,0.9342,492.81,19.18,20.13,4.79,7.67,6.80,272.21,15.15,7.93,134.85,34.28,192.21,0.48,115.39,1.17,0.11,119.14
2026-04-27T16:25:37.130,testsadads,testdasd,1.2463,1,1,WARNING (z=1.24m),1,1,0.9342,492.81,0.00,18.53,0.00,0.00,6.80,272.21,15.15,7.93,134.85,34.28,192.21,0.48,115.39,1.17,0.11,158.79
2026-04-27T16:25:37.177,testsadads,testdasd,1.2285,1,1,WARNING (z=1.24m),1,1,0.9342,492.81,19.82,19.82,0.00,9.91,90.85,268.59,15.15,7.54,134.85,48.50,206.03,0.66,115.39,1.19,0.14,119.38
2026-04-27T16:25:37.226,testsadads,testdasd,1.2220,1,1,WARNING (z=1.24m),1,1,0.9342,492.81,20.00,20.00,0.00,6.67,90.85,268.59,15.15,12.45,134.85,44.68,207.12,0.31,115.39,1.48,0.10,119.28
2026-04-27T16:25:37.278,testsadads,testdasd,1.2070,1,1,WARNING (z=1.21m),1,1,0.9342,492.81,19.84,19.84,0.00,9.92,12.17,395.26,17.54,9.31,134.85,39.34,201.04,0.32,115.39,1.13,1.56,120.41
2026-04-27T16:25:37.334,testsadads,testdasd,1.2055,1,1,WARNING (z=1.21m),1,1,0.9342,492.81,19.40,19.40,0.00,7.76,12.17,395.26,17.54,0.78,134.85,34.89,188.06,0.30,115.39,1.22,0.10,153.95
2026-04-27T16:25:37.376,testsadads,testdasd,1.2055,0,1,WARNING (z=1.21m),1,1,0.9342,492.81,19.98,19.98,0.00,6.66,12.17,395.26,17.54,11.62,134.85,48.08,212.09,0.45,115.39,1.92,2.02,121.78
2026-04-27T16:25:37.426,testsadads,testdasd,1.2207,1,1,SAFE (z=1.21m),0,1,0.9419,468.37,22.87,20.01,2.86,8.58,14.17,519.91,17.54,1.73,165.48,36.41,221.16,0.34,144.25,1.97,0.10,149.66
2026-04-27T16:25:37.476,testsadads,testdasd,1.2207,1,1,SAFE (z=1.21m),0,1,0.9419,468.37,19.99,19.99,2.50,7.50,14.17,519.91,17.54,1.73,165.48,36.41,221.16,0.34,144.25,1.97,0.10,186.07
2026-04-27T16:25:37.527,testsadads,testdasd,1.2264,1,1,WARNING (z=1.23m),1,1,0.9419,468.37,19.95,19.95,2.22,8.87,85.95,266.48,14.57,1.56,165.48,76.65,258.26,0.54,144.25,2.84,0.28,150.91
2026-04-27T16:25:37.577,testsadads,testdasd,1.2275,1,1,WARNING (z=1.23m),1,1,0.9419,468.37,19.95,19.95,1.99,7.98,85.95,266.48,14.57,1.03,165.48,45.48,226.56,0.36,144.25,4.24,0.11,151.96
2026-04-27T16:25:37.626,testsadads,testdasd,1.2248,1,1,WARNING (z=1.22m),1,1,0.9378,461.54,20.00,20.00,3.64,9.09,3.93,144.94,14.57,0.67,119.40,79.69,214.33,0.23,102.51,0.95,0.23,105.66
2026-04-27T16:25:37.676,testsadads,testdasd,1.2245,1,1,WARNING (z=1.22m),1,1,0.9378,461.54,20.00,20.00,3.33,8.33,3.93,144.94,14.57,0.85,119.40,42.26,177.07,0.41,102.51,1.10,0.16,105.93
2026-04-27T16:25:37.726,testsadads,testdasd,1.2245,1,1,WARNING (z=1.22m),1,1,0.9378,461.54,20.00,20.00,3.08,7.69,3.93,144.94,14.57,1.01,119.40,34.19,169.17,0.28,102.51,0.81,0.11,105.45
2026-04-27T16:25:37.777,testsadads,testdasd,1.2245,1,1,WARNING (z=1.22m),1,1,0.9378,461.54,19.99,19.99,2.86,8.57,56.03,271.49,15.04,1.50,119.40,42.48,178.41,1.06,102.51,1.50,0.19,144.91
2026-04-27T16:25:37.826,testsadads,testdasd,1.2318,1,1,WARNING (z=1.22m),1,1,0.9378,461.54,21.33,19.99,2.67,8.00,56.03,271.49,15.04,0.98,119.40,37.00,172.41,0.54,102.51,3.57,0.55,108.92
2026-04-27T16:25:37.876,testsadads,testdasd,1.2318,1,1,WARNING (z=1.22m),1,1,0.8838,496.19,20.00,20.00,3.75,7.50,56.03,271.49,15.04,0.98,150.28,37.00,203.30,0.35,129.56,3.57,0.55,136.38
2026-04-27T16:25:37.926,testsadads,testdasd,1.2342,1,1,WARNING (z=1.23m),1,1,0.8838,496.19,21.17,20.00,3.53,8.23,9.60,164.78,15.04,9.55,150.28,28.77,203.64,0.38,129.56,1.06,0.15,133.50
2026-04-27T16:25:37.976,testsadads,testdasd,1.2423,1,1,WARNING (z=1.23m),1,1,0.8838,496.19,21.11,20.00,3.33,7.78,9.60,164.78,15.04,9.32,150.28,41.50,216.14,0.36,129.56,1.35,0.12,133.74
2026-04-27T16:25:38.026,testsadads,testdasd,1.2439,1,1,WARNING (z=1.24m),1,1,0.8838,496.19,21.06,20.00,3.16,8.42,4.16,274.73,15.04,1.03,150.28,40.19,206.54,0.37,129.56,2.83,0.23,169.82
2026-04-27T16:25:38.077,testsadads,testdasd,1.2469,1,1,WARNING (z=1.24m),1,1,0.8838,496.19,20.99,19.99,3.00,8.00,4.16,274.73,15.04,8.27,150.28,45.30,218.90,0.72,129.56,1.17,0.14,172.08
2026-04-27T16:25:38.126,testsadads,testdasd,1.2469,1,1,WARNING (z=1.24m),1,1,0.8838,496.19,0.00,20.11,0.00,0.00,4.16,274.73,19.00,8.27,150.28,45.30,222.87,0.72,129.56,1.17,0.14,172.08
2026-04-27T16:25:38.176,testsadads,testdasd,1.2469,1,1,WARNING (z=1.24m),1,1,0.9165,500.34,0.00,20.04,10.02,0.00,4.16,274.73,19.00,8.27,116.07,45.30,188.65,0.72,94.38,1.17,0.14,136.73
2026-04-27T16:25:38.226,testsadads,testdasd,1.2445,1,1,WARNING (z=1.24m),1,1,0.9165,500.34,6.68,20.04,6.68,6.68,3.34,144.50,19.00,0.76,116.07,163.14,298.98,0.23,94.38,1.25,0.17,98.22
2026-04-27T16:25:38.288,testsadads,testdasd,1.2445,1,1,WARNING (z=1.24m),1,1,0.9165,500.34,4.72,18.89,4.72,4.72,3.34,144.50,19.00,0.76,116.07,163.14,298.98,0.23,94.38,1.25,0.17,137.91
2026-04-27T16:25:38.326,testsadads,testdasd,1.2353,1,1,WARNING (z=1.24m),1,1,0.9165,500.34,8.01,20.02,4.00,4.00,3.34,144.50,13.85,13.98,116.07,96.32,240.23,0.80,94.38,1.26,0.12,98.75
2026-04-27T16:25:38.377,testsadads,testdasd,1.2588,1,1,WARNING (z=1.24m),1,1,0.9165,500.34,10.00,20.00,3.33,3.33,3.34,144.50,13.85,3.37,116.07,83.38,216.68,2.97,94.38,1.25,0.12,100.91
2026-04-27T16:25:38.426,testsadads,testdasd,1.2588,1,1,WARNING (z=1.26m),1,1,0.9405,502.27,8.59,20.03,5.72,5.72,6.99,323.84,13.85,3.37,131.86,83.38,232.47,2.97,115.71,1.25,1.01,154.26
2026-04-27T16:25:38.476,testsadads,testdasd,1.2588,1,1,WARNING (z=1.26m),1,1,0.9405,502.27,7.51,20.02,5.01,5.01,6.99,323.84,13.62,3.37,131.86,83.38,232.24,2.97,115.71,1.25,1.01,156.85
2026-04-27T16:25:38.527,testsadads,testdasd,1.2607,1,1,WARNING (z=1.26m),1,1,0.9405,502.27,8.89,20.00,4.45,6.67,5.40,234.57,13.62,0.71,131.86,121.21,267.41,1.33,115.71,1.78,0.28,120.78
2026-04-27T16:25:38.576,testsadads,testdasd,1.2666,1,1,WARNING (z=1.26m),1,1,0.9405,502.27,10.00,20.01,4.00,6.00,5.40,234.57,13.62,9.32,131.86,58.61,213.42,0.45,115.71,1.11,0.20,119.15
2026-04-27T16:25:38.627,testsadads,testdasd,1.2684,1,1,WARNING (z=1.27m),1,1,0.9519,462.01,12.73,20.00,5.45,7.27,40.57,188.14,19.32,1.03,151.09,33.38,204.82,0.41,132.76,1.56,0.25,166.21
2026-04-27T16:25:38.676,testsadads,testdasd,1.2684,1,1,WARNING (z=1.27m),1,1,0.9519,462.01,11.67,20.01,5.00,6.67,40.57,188.14,19.32,1.03,151.09,33.38,204.82,0.41,132.76,1.56,0.25,175.50
2026-04-27T16:25:38.726,testsadads,testdasd,1.2710,1,1,WARNING (z=1.27m),1,1,0.9519,462.01,12.31,20.01,4.62,6.16,40.57,188.14,19.32,1.54,151.09,91.59,263.54,3.42,132.76,1.39,0.24,139.80
2026-04-27T16:25:38.776,testsadads,testdasd,1.2715,1,1,WARNING (z=1.27m),1,1,0.9493,468.29,12.87,20.01,5.72,7.15,5.72,150.69,19.32,0.85,124.61,41.68,186.46,0.47,103.03,1.45,0.68,107.35
2026-04-27T16:25:38.836,testsadads,testdasd,1.2715,1,1,WARNING (z=1.27m),1,1,0.9493,468.29,11.85,19.76,5.27,6.59,5.72,150.69,19.32,0.85,124.61,41.68,186.46,0.47,103.03,1.45,0.68,149.22
2026-04-27T16:25:38.877,testsadads,testdasd,1.2555,1,1,WARNING (z=1.26m),1,1,0.9493,468.29,13.74,19.99,5.00,7.50,47.72,270.16,19.32,1.06,124.61,40.25,185.24,0.60,103.03,1.17,0.18,141.18
2026-04-27T16:25:38.926,testsadads,testdasd,1.2656,1,1,WARNING (z=1.26m),1,1,0.9493,468.29,14.12,20.01,4.71,7.06,47.72,270.16,19.32,1.05,124.61,38.83,183.82,0.36,103.03,0.82,0.12,106.05
2026-04-27T16:25:38.976,testsadads,testdasd,1.2875,1,1,WARNING (z=1.26m),1,1,0.9493,468.29,14.45,20.01,4.45,6.67,47.72,270.16,19.32,1.34,124.61,43.72,189.00,0.36,103.03,2.03,0.12,107.26
2026-04-27T16:25:39.035,testsadads,testdasd,1.2918,1,1,WARNING (z=1.29m),1,1,0.9493,468.29,14.61,19.82,4.17,7.30,14.26,404.46,19.32,9.71,124.61,55.04,208.68,0.78,103.03,0.92,0.27,106.73
2026-04-27T16:25:39.087,testsadads,testdasd,1.2800,1,1,WARNING (z=1.29m),1,1,0.9493,468.29,14.84,19.79,3.96,6.93,14.26,404.46,19.32,0.86,124.61,25.16,169.95,0.37,103.03,2.51,0.15,107.80
2026-04-27T16:25:39.137,testsadads,testdasd,1.2800,0,1,WARNING (z=1.29m),1,1,0.9493,468.29,20.34,20.34,0.00,0.00,14.26,404.46,16.56,10.74,124.61,61.01,212.92,6.71,103.03,0.34,0.12,111.92
2026-04-27T16:25:39.192,testsadads,testdasd,1.2800,0,1,SAFE (z=1.28m),0,1,0.9493,468.29,19.05,19.05,0.00,9.53,27.09,551.03,16.56,17.48,124.61,62.83,221.48,0.48,103.03,3.51,0.23,108.98
2026-04-27T16:25:39.227,testsadads,testdasd,1.2800,0,1,SAFE (z=1.28m),0,1,0.9206,547.31,21.57,21.57,7.19,7.19,27.09,551.03,16.56,1.78,155.43,30.75,204.51,0.79,127.94,0.54,0.13,166.05
2026-04-27T16:25:39.276,testsadads,testdasd,1.2903,1,1,SAFE (z=1.28m),0,1,0.9206,547.31,21.17,21.17,5.29,5.29,27.09,551.03,14.62,0.81,155.43,62.83,233.70,0.54,127.94,2.55,0.14,139.49
2026-04-27T16:25:39.343,testsadads,testdasd,1.3071,1,1,WARNING (z=1.31m),1,1,0.9206,547.31,19.53,19.53,3.91,7.81,46.06,224.86,14.62,0.96,155.43,42.09,213.09,0.33,127.94,1.03,0.33,176.27
2026-04-27T16:25:39.380,testsadads,testdasd,1.3033,1,1,WARNING (z=1.31m),1,1,0.9487,486.58,23.96,20.54,6.85,6.85,46.06,224.86,23.81,1.05,119.48,39.73,184.08,0.43,102.69,1.10,0.10,105.91
2026-04-27T16:25:39.426,testsadads,testdasd,1.3309,1,1,WARNING (z=1.33m),1,1,0.9487,486.58,23.62,20.67,5.90,8.86,49.70,196.04,23.81,3.74,119.48,41.44,188.48,1.51,102.69,1.27,3.69,110.75
2026-04-27T16:25:39.478,testsadads,testdasd,1.3585,1,1,WARNING (z=1.33m),1,1,0.9487,486.58,23.02,20.46,5.12,7.67,49.70,196.04,23.81,0.96,119.48,34.30,178.56,0.65,102.69,1.06,0.25,106.24
2026-04-27T16:25:39.526,testsadads,testdasd,1.3804,1,1,WARNING (z=1.33m),1,1,0.9456,465.90,22.79,20.51,6.84,6.84,49.70,196.04,23.81,9.51,119.48,55.46,208.26,0.49,144.91,1.23,0.13,152.51
2026-04-27T16:25:39.576,testsadads,testdasd,1.3861,1,1,WARNING (z=1.39m),1,1,0.9456,465.90,24.56,20.47,6.14,8.19,13.61,194.20,23.81,0.63,174.91,27.24,226.59,0.27,144.91,1.20,0.19,152.32
2026-04-27T16:25:39.627,testsadads,testdasd,1.3861,1,1,WARNING (z=1.39m),1,1,0.9456,465.90,22.25,20.40,5.56,7.42,13.61,194.20,14.27,0.63,174.91,27.24,217.05,0.76,144.91,1.20,0.19,152.80
2026-04-27T16:25:39.676,testsadads,testdasd,1.4164,1,1,WARNING (z=1.42m),1,1,0.9456,465.90,23.78,20.38,5.10,8.49,7.52,319.69,14.27,1.32,174.91,37.67,228.17,0.41,144.91,6.82,0.20,158.09
2026-04-27T16:25:39.727,testsadads,testdasd,1.4002,1,1,WARNING (z=1.42m),1,1,0.9456,465.90,23.44,20.31,4.69,7.81,7.52,319.69,14.27,2.88,174.91,51.45,243.51,1.12,144.91,3.16,1.22,156.15
2026-04-27T16:25:39.777,testsadads,testdasd,1.3986,1,1,WARNING (z=1.42m),1,1,0.9304,384.32,23.19,20.29,5.80,7.25,7.52,319.69,14.27,3.21,150.57,27.80,195.85,0.79,132.10,1.08,0.12,168.70
2026-04-27T16:25:39.826,testsadads,testdasd,1.3544,1,1,WARNING (z=1.35m),1,1,0.9304,384.32,23.01,20.31,5.41,8.12,5.20,226.87,14.27,0.84,150.57,74.76,240.44,0.34,132.10,1.32,0.29,135.92
2026-04-27T16:25:39.876,testsadads,testdasd,1.3568,1,1,WARNING (z=1.35m),1,1,0.9304,384.32,22.82,20.29,5.07,7.61,5.20,226.87,14.27,8.66,150.57,51.13,224.64,0.60,132.10,1.49,0.21,136.27
2026-04-27T16:25:39.926,testsadads,testdasd,1.3293,1,1,WARNING (z=1.35m),1,1,0.9304,384.32,22.65,20.27,4.77,7.15,5.20,226.87,14.27,6.94,150.57,44.23,216.01,0.36,132.10,1.28,0.12,135.73
2026-04-27T16:25:39.976,testsadads,testdasd,1.3164,1,1,WARNING (z=1.32m),1,1,0.9304,384.32,22.51,20.26,4.50,7.88,10.96,360.98,14.27,6.59,150.57,40.33,211.76,0.36,132.10,1.36,0.20,135.89
2026-04-27T16:25:40.027,testsadads,testdasd,1.3164,1,1,WARNING (z=1.32m),1,1,0.9304,384.32,21.29,20.23,4.26,7.45,10.96,360.98,15.85,6.59,150.57,40.33,213.34,0.36,132.10,1.36,0.20,179.77
2026-04-27T16:25:40.077,testsadads,testdasd,1.3164,0,1,WARNING (z=1.32m),1,1,0.9304,384.32,21.23,20.22,4.04,8.09,12.24,464.69,15.85,4.56,150.57,101.40,272.39,0.62,132.10,0.56,0.34,135.48
2026-04-27T16:25:40.144,testsadads,testdasd,1.3164,0,1,SAFE (z=1.32m),0,1,0.9304,384.32,20.82,19.87,3.79,8.52,38.04,490.50,15.85,0.89,150.57,29.21,196.52,1.06,132.10,4.39,0.18,139.61
2026-04-27T16:25:40.176,testsadads,testdasd,1.2606,1,1,SAFE (z=1.32m),0,1,0.9380,293.17,31.16,31.16,31.16,0.00,38.04,490.50,15.85,1.15,161.21,81.99,260.21,0.26,135.87,1.56,0.12,139.88
2026-04-27T16:25:40.226,testsadads,testdasd,1.4662,1,1,WARNING (z=1.47m),1,1,0.9380,293.17,24.26,24.26,12.13,12.13,3.60,223.69,15.85,0.87,161.21,37.88,215.82,0.28,135.87,1.47,0.16,139.85
2026-04-27T16:25:40.290,testsadads,testdasd,1.8262,1,1,SAFE (z=1.83m),0,1,0.9380,293.17,20.54,20.54,6.85,13.69,46.76,266.85,15.85,1.20,161.21,38.43,216.69,0.28,135.87,2.07,0.22,178.42
2026-04-27T16:25:40.326,testsadads,testdasd,2.0484,1,1,SAFE (z=1.83m),0,1,0.9380,293.17,21.97,21.97,5.49,10.98,46.76,266.85,16.03,11.50,161.21,57.06,245.80,0.76,135.87,0.99,0.11,139.79
2026-04-27T16:25:40.377,testsadads,testdasd,2.0852,1,1,SAFE (z=2.09m),0,1,0.9380,293.17,21.51,21.51,4.30,12.90,16.40,376.34,16.03,13.73,161.21,60.36,251.33,0.44,135.87,3.03,0.24,171.50
2026-04-27T16:25:40.426,testsadads,testdasd,2.1017,1,1,SAFE (z=2.09m),0,0,0.0000,-1.00,24.83,21.28,7.09,10.64,16.40,376.34,16.03,1.01,158.44,23.97,199.45,0.66,140.56,0.89,0.13,143.67
2026-04-27T16:25:40.477,testsadads,testdasd,2.1017,1,1,SAFE (z=2.09m),0,0,0.0000,-1.00,21.03,21.03,6.01,9.01,16.40,376.34,14.04,1.01,158.44,23.97,197.47,0.66,140.56,0.89,0.13,177.41
2026-04-27T16:25:40.528,testsadads,testdasd,2.1017,0,1,SAFE (z=2.10m),0,0,0.0000,-1.00,20.86,20.86,5.21,10.43,88.47,229.47,14.04,1.53,158.44,81.83,255.84,0.41,140.56,4.01,1.07,147.50
2026-04-27T16:25:40.576,testsadads,testdasd,2.1017,0,1,SAFE (z=2.10m),0,0,0.0000,-1.00,23.13,20.81,6.94,9.25,88.47,229.47,14.04,1.32,130.21,44.37,189.94,0.33,112.25,0.53,0.10,114.62
2026-04-27T16:25:40.626,testsadads,testdasd,2.1017,0,1,SAFE (z=2.10m),0,0,0.0000,-1.00,22.80,20.73,6.22,10.37,8.44,181.54,14.04,6.13,130.21,38.93,189.31,0.49,112.25,0.34,0.19,114.68
2026-04-27T16:25:40.686,testsadads,testdasd,-1.0000,0,0,SAFE (z=2.10m),0,0,0.0000,-1.00,22.13,20.28,5.53,9.22,8.44,181.54,14.53,1.87,130.21,33.79,180.40,0.65,112.25,0.39,0.19,114.89
2026-04-27T16:25:40.728,testsadads,testdasd,-1.0000,0,0,SAFE (z=2.10m),0,0,0.0000,-1.00,22.28,20.57,5.14,8.57,8.44,181.54,14.53,0.74,130.21,40.15,185.63,4.50,112.25,0.27,0.16,156.35
2026-04-27T16:25:40.776,testsadads,testdasd,-1.0000,0,0,SAFE (z=invalid),0,0,0.0000,-1.00,23.74,20.57,6.33,9.50,12.98,310.53,14.53,0.72,130.43,30.30,175.98,0.29,113.02,2.25,0.09,118.14
2026-04-27T16:25:40.826,testsadads,testdasd,-1.0000,0,0,SAFE (z=invalid),0,0,0.0000,-1.00,23.46,20.52,5.86,8.80,12.98,310.53,14.53,1.19,130.43,42.79,188.93,0.70,113.02,0.30,0.33,116.85
2026-04-27T16:25:40.876,testsadads,testdasd,-1.0000,0,0,SAFE (z=invalid),0,0,0.0000,-1.00,23.21,20.48,5.46,9.56,13.32,237.71,18.27,9.21,130.43,49.53,207.43,0.55,113.02,0.45,0.18,116.69
2026-04-27T16:25:40.927,testsadads,testdasd,-1.0000,0,0,SAFE (z=invalid),0,0,0.0000,-1.00,23.00,20.45,5.11,8.95,13.32,237.71,18.27,1.12,130.43,36.95,186.76,0.33,113.02,0.32,0.12,116.29
2026-04-27T16:25:40.976,testsadads,testdasd,-1.0000,0,0,SAFE (z=invalid),0,0,0.0000,-1.00,22.83,20.43,6.01,9.61,3.90,137.64,18.27,0.70,132.06,76.60,227.62,0.33,110.37,0.36,0.15,113.66
2026-04-27T16:25:41.026,testsadads,testdasd,-1.0000,0,0,SAFE (z=invalid),0,0,0.0000,-1.00,22.67,20.41,5.67,9.07,3.90,137.64,18.27,1.41,132.06,46.29,198.02,0.33,110.37,0.66,0.10,113.91
2026-04-27T16:25:41.076,testsadads,testdasd,-1.0000,0,0,SAFE (z=invalid),0,0,0.0000,-1.00,21.46,20.38,5.36,8.58,3.90,137.64,18.27,1.41,132.06,46.29,198.02,0.33,110.37,0.66,0.10,155.93
2026-04-27T16:25:41.126,testsadads,testdasd,-1.0000,0,0,SAFE (z=invalid),0,0,0.0000,-1.00,21.38,20.36,5.09,9.16,86.74,265.57,18.27,0.84,132.06,83.84,235.00,0.41,110.37,0.40,0.22,113.85
2026-04-27T16:25:41.178,testsadads,testdasd,-1.0000,0,0,SAFE (z=invalid),0,0,0.0000,-1.00,21.28,20.31,4.84,8.70,86.74,265.57,15.75,13.63,132.06,59.87,221.32,0.58,110.37,5.53,0.14,119.06
2026-04-27T16:25:41.227,testsadads,testdasd,-1.0000,0,0,SAFE (z=invalid),0,0,0.0000,-1.00,0.00,20.58,0.00,0.00,86.74,265.57,15.75,13.63,132.06,59.87,221.32,0.58,110.37,5.53,0.14,144.52
2026-04-27T16:25:41.277,testsadads,testdasd,-1.0000,0,0,SAFE (z=invalid),0,0,0.0000,-1.00,10.14,20.28,0.00,10.14,3.98,397.22,15.75,1.93,132.06,74.96,224.70,0.57,110.37,3.24,0.18,147.83
2026-04-27T16:25:41.326,testsadads,testdasd,-1.0000,0,0,SAFE (z=invalid),0,0,0.0000,-1.00,13.48,20.22,6.74,6.74,3.98,397.22,15.75,0.86,159.92,74.23,250.77,0.55,142.05,0.34,0.15,144.80
